journalTitle,year,version,majorCategory,majorZone,isTop,source,url
IEEE Transactions on Pattern Analysis and Machine Intelligence,2025,2025 CAS authorized import,授权导入清单,1,是,用户授权 CAS 分区导入,https://www.fenqubiao.com/
IEEE Transactions on Pattern Analysis and Machine Intelligence,2026,2026 CAS authorized import,授权导入清单,1,是,用户授权 CAS 分区导入,https://www.fenqubiao.com/
PROCEEDINGS OF THE IEEE,2025,2025 CAS authorized import,授权导入清单,1,是,用户授权 CAS 分区导入,https://www.fenqubiao.com/
PROCEEDINGS OF THE IEEE,2026,2026 CAS authorized import,授权导入清单,1,是,用户授权 CAS 分区导入,https://www.fenqubiao.com/
International Journal of Computer Vision,2025,2025 CAS authorized import,授权导入清单,2,否,用户授权 CAS 分区导入,https://www.fenqubiao.com/
International Journal of Computer Vision,2026,2026 CAS authorized import,授权导入清单,2,否,用户授权 CAS 分区导入,https://www.fenqubiao.com/
Information Fusion,2025,2025 CAS authorized import,授权导入清单,1,是,用户授权 CAS 分区导入,https://www.fenqubiao.com/
Information Fusion,2026,2026 CAS authorized import,授权导入清单,1,是,用户授权 CAS 分区导入,https://www.fenqubiao.com/
ACM Computing Surveys,2025,2025 CAS authorized import,授权导入清单,1,是,用户授权 CAS 分区导入,https://www.fenqubiao.com/
ACM Computing Surveys,2026,2026 CAS authorized import,授权导入清单,1,是,用户授权 CAS 分区导入,https://www.fenqubiao.com/
IEEE Signal Processing Magazine,2025,2025 CAS authorized import,授权导入清单,2,否,用户授权 CAS 分区导入,https://www.fenqubiao.com/
IEEE Signal Processing Magazine,2026,2026 CAS authorized import,授权导入清单,2,否,用户授权 CAS 分区导入,https://www.fenqubiao.com/
IEEE Geoscience and Remote Sensing Magazine,2025,2025 CAS authorized import,授权导入清单,1,是,用户授权 CAS 分区导入,https://www.fenqubiao.com/
IEEE Geoscience and Remote Sensing Magazine,2026,2026 CAS authorized import,授权导入清单,1,是,用户授权 CAS 分区导入,https://www.fenqubiao.com/
Artificial Intelligence,2025,2025 CAS authorized import,授权导入清单,2,否,用户授权 CAS 分区导入,https://www.fenqubiao.com/
Artificial Intelligence,2026,2026 CAS authorized import,授权导入清单,2,否,用户授权 CAS 分区导入,https://www.fenqubiao.com/
IEEE Transactions on Evolutionary Computation,2025,2025 CAS authorized import,授权导入清单,1,是,用户授权 CAS 分区导入,https://www.fenqubiao.com/
IEEE Transactions on Evolutionary Computation,2026,2026 CAS authorized import,授权导入清单,1,是,用户授权 CAS 分区导入,https://www.fenqubiao.com/
Remote Sensing of Environment,2025,2025 CAS authorized import,授权导入清单,1,是,用户授权 CAS 分区导入,https://www.fenqubiao.com/
Remote Sensing of Environment,2026,2026 CAS authorized import,授权导入清单,1,是,用户授权 CAS 分区导入,https://www.fenqubiao.com/
ISPRS Journal of Photogrammetry and Remote Sensing,2025,2025 CAS authorized import,授权导入清单,1,是,用户授权 CAS 分区导入,https://www.fenqubiao.com/
ISPRS Journal of Photogrammetry and Remote Sensing,2026,2026 CAS authorized import,授权导入清单,1,是,用户授权 CAS 分区导入,https://www.fenqubiao.com/
IEEE Transactions on Fuzzy Systems,2025,2025 CAS authorized import,授权导入清单,1,是,用户授权 CAS 分区导入,https://www.fenqubiao.com/
IEEE Transactions on Fuzzy Systems,2026,2026 CAS authorized import,授权导入清单,1,是,用户授权 CAS 分区导入,https://www.fenqubiao.com/
IEEE Transactions on Cybernetics,2025,2025 CAS authorized import,授权导入清单,1,是,用户授权 CAS 分区导入,https://www.fenqubiao.com/
IEEE Transactions on Cybernetics,2026,2026 CAS authorized import,授权导入清单,1,是,用户授权 CAS 分区导入,https://www.fenqubiao.com/
Proceedings of the National Academy of Sciences,2026,2026 CAS authorized import,授权导入清单,4,否,用户授权 CAS 分区导入,https://www.fenqubiao.com/
IEEE Transactions on Affective Computing,2025,2025 CAS authorized import,授权导入清单,1,是,用户授权 CAS 分区导入,https://www.fenqubiao.com/
Research,2025,2025 CAS authorized import,授权导入清单,1,是,用户授权 CAS 分区导入,https://www.fenqubiao.com/
Research,2026,2026 CAS authorized import,授权导入清单,1,是,用户授权 CAS 分区导入,https://www.fenqubiao.com/
IEEE Transactions on Medical Imaging,2025,2025 CAS authorized import,授权导入清单,1,是,用户授权 CAS 分区导入,https://www.fenqubiao.com/
IEEE Transactions on Medical Imaging,2026,2026 CAS authorized import,授权导入清单,1,是,用户授权 CAS 分区导入,https://www.fenqubiao.com/
IEEE Transactions on Image Processing,2025,2025 CAS authorized import,授权导入清单,1,是,用户授权 CAS 分区导入,https://www.fenqubiao.com/
IEEE Transactions on Image Processing,2026,2026 CAS authorized import,授权导入清单,1,是,用户授权 CAS 分区导入,https://www.fenqubiao.com/
IEEE Transactions on Neural Networks and Learning Systems,2025,2025 CAS authorized import,授权导入清单,1,是,用户授权 CAS 分区导入,https://www.fenqubiao.com/
IEEE Transactions on Neural Networks and Learning Systems,2026,2026 CAS authorized import,授权导入清单,1,是,用户授权 CAS 分区导入,https://www.fenqubiao.com/
Swarm and Evolutionary Computation,2025,2025 CAS authorized import,授权导入清单,2,否,用户授权 CAS 分区导入,https://www.fenqubiao.com/
Swarm and Evolutionary Computation,2026,2026 CAS authorized import,授权导入清单,2,否,用户授权 CAS 分区导入,https://www.fenqubiao.com/
IEEE Computational Intelligence Magazine,2025,2025 CAS authorized import,授权导入清单,2,否,用户授权 CAS 分区导入,https://www.fenqubiao.com/
IEEE Computational Intelligence Magazine,2026,2026 CAS authorized import,授权导入清单,2,否,用户授权 CAS 分区导入,https://www.fenqubiao.com/
IEEE Transactions on Knowledge and Data Engineering,2025,2025 CAS authorized import,授权导入清单,1,是,用户授权 CAS 分区导入,https://www.fenqubiao.com/
IEEE Transactions on Knowledge and Data Engineering,2026,2026 CAS authorized import,授权导入清单,1,是,用户授权 CAS 分区导入,https://www.fenqubiao.com/
Knowledge-Based Systems,2025,2025 CAS authorized import,授权导入清单,1,是,用户授权 CAS 分区导入,https://www.fenqubiao.com/
Knowledge-Based Systems,2026,2026 CAS authorized import,授权导入清单,1,是,用户授权 CAS 分区导入,https://www.fenqubiao.com/
IEEE Transactions on Systems Man Cybernetics-Systems,2025,2025 CAS authorized import,授权导入清单,1,是,用户授权 CAS 分区导入,https://www.fenqubiao.com/
IEEE Transactions on Systems Man Cybernetics-Systems,2026,2026 CAS authorized import,授权导入清单,1,是,用户授权 CAS 分区导入,https://www.fenqubiao.com/
Applied Soft Computing,2025,2025 CAS authorized import,授权导入清单,2,是,用户授权 CAS 分区导入,https://www.fenqubiao.com/
Applied Soft Computing,2026,2026 CAS authorized import,授权导入清单,2,是,用户授权 CAS 分区导入,https://www.fenqubiao.com/
Expert Systems with Applications,2025,2025 CAS authorized import,授权导入清单,1,是,用户授权 CAS 分区导入,https://www.fenqubiao.com/
Expert Systems with Applications,2026,2026 CAS authorized import,授权导入清单,1,是,用户授权 CAS 分区导入,https://www.fenqubiao.com/
IEEE Transactions on Circuits and Systems for Video Technology,2025,2025 CAS authorized import,授权导入清单,1,是,用户授权 CAS 分区导入,https://www.fenqubiao.com/
IEEE Transactions on Circuits and Systems for Video Technology,2026,2026 CAS authorized import,授权导入清单,1,是,用户授权 CAS 分区导入,https://www.fenqubiao.com/
IEEE Transactions on Geoscience and Remote Sensing,2025,2025 CAS authorized import,授权导入清单,1,是,用户授权 CAS 分区导入,https://www.fenqubiao.com/
IEEE Transactions on Geoscience and Remote Sensing,2026,2026 CAS authorized import,授权导入清单,1,是,用户授权 CAS 分区导入,https://www.fenqubiao.com/
Information Sciences,2026,2026 CAS authorized import,授权导入清单,2,否,用户授权 CAS 分区导入,https://www.fenqubiao.com/
Pattern Recognition,2025,2025 CAS authorized import,授权导入清单,1,是,用户授权 CAS 分区导入,https://www.fenqubiao.com/
Pattern Recognition,2026,2026 CAS authorized import,授权导入清单,1,是,用户授权 CAS 分区导入,https://www.fenqubiao.com/
Engineering Applications of Artificial Intelligence,2025,2025 CAS authorized import,授权导入清单,1,是,用户授权 CAS 分区导入,https://www.fenqubiao.com/
Engineering Applications of Artificial Intelligence,2026,2026 CAS authorized import,授权导入清单,1,是,用户授权 CAS 分区导入,https://www.fenqubiao.com/
Neural Networks,2025,2025 CAS authorized import,授权导入清单,2,是,用户授权 CAS 分区导入,https://www.fenqubiao.com/
Neural Networks,2026,2026 CAS authorized import,授权导入清单,2,是,用户授权 CAS 分区导入,https://www.fenqubiao.com/
Machine Learning,2025,2025 CAS authorized import,授权导入清单,4,否,用户授权 CAS 分区导入,https://www.fenqubiao.com/
Machine Learning,2026,2026 CAS authorized import,授权导入清单,4,否,用户授权 CAS 分区导入,https://www.fenqubiao.com/
IEEE Journal of Selected Topics in Signal Processing,2025,2025 CAS authorized import,授权导入清单,2,否,用户授权 CAS 分区导入,https://www.fenqubiao.com/
IEEE Journal of Selected Topics in Signal Processing,2026,2026 CAS authorized import,授权导入清单,2,否,用户授权 CAS 分区导入,https://www.fenqubiao.com/
IEEE Transactions on Multimedia,2025,2025 CAS authorized import,授权导入清单,1,是,用户授权 CAS 分区导入,https://www.fenqubiao.com/
IEEE Transactions on Multimedia,2026,2026 CAS authorized import,授权导入清单,1,是,用户授权 CAS 分区导入,https://www.fenqubiao.com/
IEEE Transactions on Information Forensics and Security,2025,2025 CAS authorized import,授权导入清单,1,是,用户授权 CAS 分区导入,https://www.fenqubiao.com/
IEEE Transactions on Information Forensics and Security,2026,2026 CAS authorized import,授权导入清单,1,是,用户授权 CAS 分区导入,https://www.fenqubiao.com/
IEEE Transactions on Automatic Control,2025,2025 CAS authorized import,授权导入清单,2,是,用户授权 CAS 分区导入,https://www.fenqubiao.com/
IEEE Transactions on Automatic Control,2026,2026 CAS authorized import,授权导入清单,2,是,用户授权 CAS 分区导入,https://www.fenqubiao.com/
Evolutionary Computation,2025,2025 CAS authorized import,授权导入清单,3,否,用户授权 CAS 分区导入,https://www.fenqubiao.com/
Evolutionary Computation,2026,2026 CAS authorized import,授权导入清单,3,否,用户授权 CAS 分区导入,https://www.fenqubiao.com/
GIScience & Remote Sensing,2025,2025 CAS authorized import,授权导入清单,1,是,用户授权 CAS 分区导入,https://www.fenqubiao.com/
GIScience & Remote Sensing,2026,2026 CAS authorized import,授权导入清单,1,是,用户授权 CAS 分区导入,https://www.fenqubiao.com/
IEEE Intelligent Systems,2025,2025 CAS authorized import,授权导入清单,4,否,用户授权 CAS 分区导入,https://www.fenqubiao.com/
IEEE Intelligent Systems,2026,2026 CAS authorized import,授权导入清单,4,否,用户授权 CAS 分区导入,https://www.fenqubiao.com/
European Journal of Operational Research,2025,2025 CAS authorized import,授权导入清单,2,否,用户授权 CAS 分区导入,https://www.fenqubiao.com/
European Journal of Operational Research,2026,2026 CAS authorized import,授权导入清单,2,否,用户授权 CAS 分区导入,https://www.fenqubiao.com/
Automatica,2025,2025 CAS authorized import,授权导入清单,2,否,用户授权 CAS 分区导入,https://www.fenqubiao.com/
Automatica,2026,2026 CAS authorized import,授权导入清单,2,否,用户授权 CAS 分区导入,https://www.fenqubiao.com/
Neurocomputing,2025,2025 CAS authorized import,授权导入清单,2,否,用户授权 CAS 分区导入,https://www.fenqubiao.com/
Neurocomputing,2026,2026 CAS authorized import,授权导入清单,2,否,用户授权 CAS 分区导入,https://www.fenqubiao.com/
Journal of Machine Learning Research,2025,2025 CAS authorized import,授权导入清单,4,否,用户授权 CAS 分区导入,https://www.fenqubiao.com/
Journal of Machine Learning Research,2026,2026 CAS authorized import,授权导入清单,4,否,用户授权 CAS 分区导入,https://www.fenqubiao.com/
IEEE Transactions on Emerging Topics in Computing,2025,2025 CAS authorized import,授权导入清单,2,否,用户授权 CAS 分区导入,https://www.fenqubiao.com/
IEEE Transactions on Emerging Topics in Computing,2026,2026 CAS authorized import,授权导入清单,2,否,用户授权 CAS 分区导入,https://www.fenqubiao.com/
Complex & Intelligent Systems,2025,2025 CAS authorized import,授权导入清单,3,否,用户授权 CAS 分区导入,https://www.fenqubiao.com/
Complex & Intelligent Systems,2026,2026 CAS authorized import,授权导入清单,3,否,用户授权 CAS 分区导入,https://www.fenqubiao.com/
Bioinformatics,2025,2025 CAS authorized import,授权导入清单,3,否,用户授权 CAS 分区导入,https://www.fenqubiao.com/
Bioinformatics,2026,2026 CAS authorized import,授权导入清单,3,否,用户授权 CAS 分区导入,https://www.fenqubiao.com/
IEEE Transactions on Automation Science and Engineering,2025,2025 CAS authorized import,授权导入清单,2,否,用户授权 CAS 分区导入,https://www.fenqubiao.com/
IEEE Transactions on Automation Science and Engineering,2026,2026 CAS authorized import,授权导入清单,2,否,用户授权 CAS 分区导入,https://www.fenqubiao.com/
IEEE Journal of Selected Topics in Applied Earth Observations and Remote Sensing,2025,2025 CAS authorized import,授权导入清单,2,否,用户授权 CAS 分区导入,https://www.fenqubiao.com/
IEEE Journal of Selected Topics in Applied Earth Observations and Remote Sensing,2026,2026 CAS authorized import,授权导入清单,2,否,用户授权 CAS 分区导入,https://www.fenqubiao.com/
IEEE Transactions on Signal Processing,2025,2025 CAS authorized import,授权导入清单,2,是,用户授权 CAS 分区导入,https://www.fenqubiao.com/
IEEE Transactions on Signal Processing,2026,2026 CAS authorized import,授权导入清单,2,是,用户授权 CAS 分区导入,https://www.fenqubiao.com/
IEEE Transactions on Parallel and Distributed Systems,2025,2025 CAS authorized import,授权导入清单,2,是,用户授权 CAS 分区导入,https://www.fenqubiao.com/
IEEE Transactions on Parallel and Distributed Systems,2026,2026 CAS authorized import,授权导入清单,2,是,用户授权 CAS 分区导入,https://www.fenqubiao.com/
IEEE Transactions on Emerging Topics in Computational Intelligence,2025,2025 CAS authorized import,授权导入清单,2,否,用户授权 CAS 分区导入,https://www.fenqubiao.com/
IEEE Transactions on Emerging Topics in Computational Intelligence,2026,2026 CAS authorized import,授权导入清单,2,否,用户授权 CAS 分区导入,https://www.fenqubiao.com/
Pattern Recognition Letters,2025,2025 CAS authorized import,授权导入清单,3,否,用户授权 CAS 分区导入,https://www.fenqubiao.com/
Pattern Recognition Letters,2026,2026 CAS authorized import,授权导入清单,3,否,用户授权 CAS 分区导入,https://www.fenqubiao.com/
Remote Sensing,2025,2025 CAS authorized import,授权导入清单,2,否,用户授权 CAS 分区导入,https://www.fenqubiao.com/
Remote Sensing,2026,2026 CAS authorized import,授权导入清单,2,否,用户授权 CAS 分区导入,https://www.fenqubiao.com/
Journal of Artificial Intelligence Research,2025,2025 CAS authorized import,授权导入清单,3,否,用户授权 CAS 分区导入,https://www.fenqubiao.com/
Journal of Artificial Intelligence Research,2026,2026 CAS authorized import,授权导入清单,3,否,用户授权 CAS 分区导入,https://www.fenqubiao.com/
IEEE Transactions on Cognitive and Developmental Systems,2025,2025 CAS authorized import,授权导入清单,3,否,用户授权 CAS 分区导入,https://www.fenqubiao.com/
IEEE Transactions on Cognitive and Developmental Systems,2026,2026 CAS authorized import,授权导入清单,3,否,用户授权 CAS 分区导入,https://www.fenqubiao.com/
ACM Transactions on Intelligent Systems and Technology,2025,2025 CAS authorized import,授权导入清单,3,否,用户授权 CAS 分区导入,https://www.fenqubiao.com/
ACM Transactions on Intelligent Systems and Technology,2026,2026 CAS authorized import,授权导入清单,3,否,用户授权 CAS 分区导入,https://www.fenqubiao.com/
IEEE Transactions on Control Systems Technology,2025,2025 CAS authorized import,授权导入清单,2,否,用户授权 CAS 分区导入,https://www.fenqubiao.com/
IEEE Transactions on Control Systems Technology,2026,2026 CAS authorized import,授权导入清单,2,否,用户授权 CAS 分区导入,https://www.fenqubiao.com/
IEEE Geoscience and Remote Sensing Letters,2025,2025 CAS authorized import,授权导入清单,3,否,用户授权 CAS 分区导入,https://www.fenqubiao.com/
IEEE Geoscience and Remote Sensing Letters,2026,2026 CAS authorized import,授权导入清单,3,否,用户授权 CAS 分区导入,https://www.fenqubiao.com/
Data Mining and Knowledge Discovery,2025,2025 CAS authorized import,授权导入清单,3,否,用户授权 CAS 分区导入,https://www.fenqubiao.com/
Data Mining and Knowledge Discovery,2026,2026 CAS authorized import,授权导入清单,3,否,用户授权 CAS 分区导入,https://www.fenqubiao.com/
Memetic Computing,2025,2025 CAS authorized import,授权导入清单,3,否,用户授权 CAS 分区导入,https://www.fenqubiao.com/
Memetic Computing,2026,2026 CAS authorized import,授权导入清单,3,否,用户授权 CAS 分区导入,https://www.fenqubiao.com/
IEEE Transactions on Biomedical Engineering,2025,2025 CAS authorized import,授权导入清单,2,否,用户授权 CAS 分区导入,https://www.fenqubiao.com/
IEEE Transactions on Biomedical Engineering,2026,2026 CAS authorized import,授权导入清单,2,否,用户授权 CAS 分区导入,https://www.fenqubiao.com/
IEEE/ACM Transactions on Computational Biology and Bioinformatics,2026,2026 CAS authorized import,授权导入清单,3,否,用户授权 CAS 分区导入,https://www.fenqubiao.com/
Computer Vision and Image Understanding,2025,2025 CAS authorized import,授权导入清单,3,否,用户授权 CAS 分区导入,https://www.fenqubiao.com/
Computer Vision and Image Understanding,2026,2026 CAS authorized import,授权导入清单,3,否,用户授权 CAS 分区导入,https://www.fenqubiao.com/
Signal Processing,2025,2025 CAS authorized import,授权导入清单,2,否,用户授权 CAS 分区导入,https://www.fenqubiao.com/
Signal Processing,2026,2026 CAS authorized import,授权导入清单,2,否,用户授权 CAS 分区导入,https://www.fenqubiao.com/
International Journal of Fuzzy Systems,2025,2025 CAS authorized import,授权导入清单,4,否,用户授权 CAS 分区导入,https://www.fenqubiao.com/
International Journal of Fuzzy Systems,2026,2026 CAS authorized import,授权导入清单,4,否,用户授权 CAS 分区导入,https://www.fenqubiao.com/
Soft Computing,2025,2025 CAS authorized import,授权导入清单,4,否,用户授权 CAS 分区导入,https://www.fenqubiao.com/
Soft Computing,2026,2026 CAS authorized import,授权导入清单,4,否,用户授权 CAS 分区导入,https://www.fenqubiao.com/
Pattern Analysis and Applications,2025,2025 CAS authorized import,授权导入清单,4,否,用户授权 CAS 分区导入,https://www.fenqubiao.com/
Pattern Analysis and Applications,2026,2026 CAS authorized import,授权导入清单,4,否,用户授权 CAS 分区导入,https://www.fenqubiao.com/
IEEE Signal Processing Letters,2025,2025 CAS authorized import,授权导入清单,3,否,用户授权 CAS 分区导入,https://www.fenqubiao.com/
IEEE Signal Processing Letters,2026,2026 CAS authorized import,授权导入清单,3,否,用户授权 CAS 分区导入,https://www.fenqubiao.com/
Fuzzy Sets and Systems,2025,2025 CAS authorized import,授权导入清单,1,是,用户授权 CAS 分区导入,https://www.fenqubiao.com/
Fuzzy Sets and Systems,2026,2026 CAS authorized import,授权导入清单,1,是,用户授权 CAS 分区导入,https://www.fenqubiao.com/
Optics Express,2025,2025 CAS authorized import,授权导入清单,2,否,用户授权 CAS 分区导入,https://www.fenqubiao.com/
Optics Express,2026,2026 CAS authorized import,授权导入清单,2,否,用户授权 CAS 分区导入,https://www.fenqubiao.com/
Optics Letters,2025,2025 CAS authorized import,授权导入清单,2,否,用户授权 CAS 分区导入,https://www.fenqubiao.com/
Optics Letters,2026,2026 CAS authorized import,授权导入清单,2,否,用户授权 CAS 分区导入,https://www.fenqubiao.com/
Journal of the Operational Research Society,2025,2025 CAS authorized import,授权导入清单,4,否,用户授权 CAS 分区导入,https://www.fenqubiao.com/
Journal of the Operational Research Society,2026,2026 CAS authorized import,授权导入清单,4,否,用户授权 CAS 分区导入,https://www.fenqubiao.com/
IEEE Transactions on Human-Machine Systems,2025,2025 CAS authorized import,授权导入清单,2,否,用户授权 CAS 分区导入,https://www.fenqubiao.com/
IEEE Transactions on Human-Machine Systems,2026,2026 CAS authorized import,授权导入清单,2,否,用户授权 CAS 分区导入,https://www.fenqubiao.com/
ACM Transactions on Knowledge Discovery from Data,2025,2025 CAS authorized import,授权导入清单,3,否,用户授权 CAS 分区导入,https://www.fenqubiao.com/
ACM Transactions on Knowledge Discovery from Data,2026,2026 CAS authorized import,授权导入清单,3,否,用户授权 CAS 分区导入,https://www.fenqubiao.com/
International Journal of Remote Sensing,2025,2025 CAS authorized import,授权导入清单,4,否,用户授权 CAS 分区导入,https://www.fenqubiao.com/
International Journal of Remote Sensing,2026,2026 CAS authorized import,授权导入清单,4,否,用户授权 CAS 分区导入,https://www.fenqubiao.com/
Machine Vision and Applications,2025,2025 CAS authorized import,授权导入清单,4,否,用户授权 CAS 分区导入,https://www.fenqubiao.com/
Machine Vision and Applications,2026,2026 CAS authorized import,授权导入清单,4,否,用户授权 CAS 分区导入,https://www.fenqubiao.com/
Neural Computation,2025,2025 CAS authorized import,授权导入清单,4,否,用户授权 CAS 分区导入,https://www.fenqubiao.com/
Neural Computation,2026,2026 CAS authorized import,授权导入清单,4,否,用户授权 CAS 分区导入,https://www.fenqubiao.com/
Computational Intelligence,2025,2025 CAS authorized import,授权导入清单,4,否,用户授权 CAS 分区导入,https://www.fenqubiao.com/
Computational Intelligence,2026,2026 CAS authorized import,授权导入清单,4,否,用户授权 CAS 分区导入,https://www.fenqubiao.com/
Journal of Heuristics,2025,2025 CAS authorized import,授权导入清单,4,否,用户授权 CAS 分区导入,https://www.fenqubiao.com/
Journal of Heuristics,2026,2026 CAS authorized import,授权导入清单,4,否,用户授权 CAS 分区导入,https://www.fenqubiao.com/
Engineering Optimization,2025,2025 CAS authorized import,授权导入清单,4,否,用户授权 CAS 分区导入,https://www.fenqubiao.com/
Engineering Optimization,2026,2026 CAS authorized import,授权导入清单,4,否,用户授权 CAS 分区导入,https://www.fenqubiao.com/
Genetic Programming and Evolvable Machines,2025,2025 CAS authorized import,授权导入清单,4,否,用户授权 CAS 分区导入,https://www.fenqubiao.com/
Genetic Programming and Evolvable Machines,2026,2026 CAS authorized import,授权导入清单,4,否,用户授权 CAS 分区导入,https://www.fenqubiao.com/
Canadian Journal of Remote Sensing,2025,2025 CAS authorized import,授权导入清单,4,否,用户授权 CAS 分区导入,https://www.fenqubiao.com/
Canadian Journal of Remote Sensing,2026,2026 CAS authorized import,授权导入清单,4,否,用户授权 CAS 分区导入,https://www.fenqubiao.com/
Artificial Life,2025,2025 CAS authorized import,授权导入清单,4,否,用户授权 CAS 分区导入,https://www.fenqubiao.com/
Artificial Life,2026,2026 CAS authorized import,授权导入清单,4,否,用户授权 CAS 分区导入,https://www.fenqubiao.com/
Data & Knowledge Engineering,2025,2025 CAS authorized import,授权导入清单,3,否,用户授权 CAS 分区导入,https://www.fenqubiao.com/
Data & Knowledge Engineering,2026,2026 CAS authorized import,授权导入清单,3,否,用户授权 CAS 分区导入,https://www.fenqubiao.com/
Remote Sensing Letters,2025,2025 CAS authorized import,授权导入清单,4,否,用户授权 CAS 分区导入,https://www.fenqubiao.com/
Remote Sensing Letters,2026,2026 CAS authorized import,授权导入清单,4,否,用户授权 CAS 分区导入,https://www.fenqubiao.com/
Natural Computing,2025,2025 CAS authorized import,授权导入清单,4,否,用户授权 CAS 分区导入,https://www.fenqubiao.com/
Natural Computing,2026,2026 CAS authorized import,授权导入清单,4,否,用户授权 CAS 分区导入,https://www.fenqubiao.com/
Journal of Applied Remote Sensing,2025,2025 CAS authorized import,授权导入清单,4,否,用户授权 CAS 分区导入,https://www.fenqubiao.com/
Journal of Applied Remote Sensing,2026,2026 CAS authorized import,授权导入清单,4,否,用户授权 CAS 分区导入,https://www.fenqubiao.com/
Photogrammetric Engineering and Remote Sensing,2025,2025 CAS authorized import,授权导入清单,4,否,用户授权 CAS 分区导入,https://www.fenqubiao.com/
Photogrammetric Engineering and Remote Sensing,2026,2026 CAS authorized import,授权导入清单,4,否,用户授权 CAS 分区导入,https://www.fenqubiao.com/
Optical Engineering,2025,2025 CAS authorized import,授权导入清单,4,否,用户授权 CAS 分区导入,https://www.fenqubiao.com/
Optical Engineering,2026,2026 CAS authorized import,授权导入清单,4,否,用户授权 CAS 分区导入,https://www.fenqubiao.com/
