journalTitle,jcrYear,jif,category,edition,source,url
IEEE Transactions on Pattern Analysis and Machine Intelligence,2018,9.455,常投期刊清单,2018 JCR authorized import,用户授权 JCR 导入,https://jcr.clarivate.com/jcr/home
IEEE Transactions on Pattern Analysis and Machine Intelligence,2019,17.73,常投期刊清单,2019 JCR authorized import,用户授权 JCR 导入,https://jcr.clarivate.com/jcr/home
IEEE Transactions on Pattern Analysis and Machine Intelligence,2020,17.861,常投期刊清单,2020 JCR authorized import,用户授权 JCR 导入,https://jcr.clarivate.com/jcr/home
IEEE Transactions on Pattern Analysis and Machine Intelligence,2021,16.389,常投期刊清单,2021 JCR authorized import,用户授权 JCR 导入,https://jcr.clarivate.com/jcr/home
IEEE Transactions on Pattern Analysis and Machine Intelligence,2022,24.314,常投期刊清单,2022 JCR authorized import,用户授权 JCR 导入,https://jcr.clarivate.com/jcr/home
IEEE Transactions on Pattern Analysis and Machine Intelligence,2023,23.6,常投期刊清单,2023 JCR authorized import,用户授权 JCR 导入,https://jcr.clarivate.com/jcr/home
IEEE Transactions on Pattern Analysis and Machine Intelligence,2024,20.8,常投期刊清单,2024 JCR authorized import,用户授权 JCR 导入,https://jcr.clarivate.com/jcr/home
IEEE Transactions on Pattern Analysis and Machine Intelligence,2025,18.6,常投期刊清单,2025 JCR authorized import,用户授权 JCR 导入,https://jcr.clarivate.com/jcr/home
PROCEEDINGS OF THE IEEE,2018,9.107,常投期刊清单,2018 JCR authorized import,用户授权 JCR 导入,https://jcr.clarivate.com/jcr/home
PROCEEDINGS OF THE IEEE,2019,10.694,常投期刊清单,2019 JCR authorized import,用户授权 JCR 导入,https://jcr.clarivate.com/jcr/home
PROCEEDINGS OF THE IEEE,2020,10.252,常投期刊清单,2020 JCR authorized import,用户授权 JCR 导入,https://jcr.clarivate.com/jcr/home
PROCEEDINGS OF THE IEEE,2021,10.961,常投期刊清单,2021 JCR authorized import,用户授权 JCR 导入,https://jcr.clarivate.com/jcr/home
PROCEEDINGS OF THE IEEE,2022,14.91,常投期刊清单,2022 JCR authorized import,用户授权 JCR 导入,https://jcr.clarivate.com/jcr/home
PROCEEDINGS OF THE IEEE,2023,20.6,常投期刊清单,2023 JCR authorized import,用户授权 JCR 导入,https://jcr.clarivate.com/jcr/home
PROCEEDINGS OF THE IEEE,2024,23.2,常投期刊清单,2024 JCR authorized import,用户授权 JCR 导入,https://jcr.clarivate.com/jcr/home
PROCEEDINGS OF THE IEEE,2025,25.9,常投期刊清单,2025 JCR authorized import,用户授权 JCR 导入,https://jcr.clarivate.com/jcr/home
International Journal of Computer Vision,2018,11.541,常投期刊清单,2018 JCR authorized import,用户授权 JCR 导入,https://jcr.clarivate.com/jcr/home
International Journal of Computer Vision,2019,6.071,常投期刊清单,2019 JCR authorized import,用户授权 JCR 导入,https://jcr.clarivate.com/jcr/home
International Journal of Computer Vision,2020,5.698,常投期刊清单,2020 JCR authorized import,用户授权 JCR 导入,https://jcr.clarivate.com/jcr/home
International Journal of Computer Vision,2021,7.41,常投期刊清单,2021 JCR authorized import,用户授权 JCR 导入,https://jcr.clarivate.com/jcr/home
International Journal of Computer Vision,2022,13.369,常投期刊清单,2022 JCR authorized import,用户授权 JCR 导入,https://jcr.clarivate.com/jcr/home
International Journal of Computer Vision,2023,19.5,常投期刊清单,2023 JCR authorized import,用户授权 JCR 导入,https://jcr.clarivate.com/jcr/home
International Journal of Computer Vision,2024,11.6,常投期刊清单,2024 JCR authorized import,用户授权 JCR 导入,https://jcr.clarivate.com/jcr/home
International Journal of Computer Vision,2025,9.3,常投期刊清单,2025 JCR authorized import,用户授权 JCR 导入,https://jcr.clarivate.com/jcr/home
Information Fusion,2021,12.975,常投期刊清单,2021 JCR authorized import,用户授权 JCR 导入,https://jcr.clarivate.com/jcr/home
Information Fusion,2022,17.564,常投期刊清单,2022 JCR authorized import,用户授权 JCR 导入,https://jcr.clarivate.com/jcr/home
Information Fusion,2023,18.6,常投期刊清单,2023 JCR authorized import,用户授权 JCR 导入,https://jcr.clarivate.com/jcr/home
Information Fusion,2024,15.4,常投期刊清单,2024 JCR authorized import,用户授权 JCR 导入,https://jcr.clarivate.com/jcr/home
Information Fusion,2025,15.5,常投期刊清单,2025 JCR authorized import,用户授权 JCR 导入,https://jcr.clarivate.com/jcr/home
ACM Computing Surveys,2018,5.55,常投期刊清单,2018 JCR authorized import,用户授权 JCR 导入,https://jcr.clarivate.com/jcr/home
ACM Computing Surveys,2019,6.131,常投期刊清单,2019 JCR authorized import,用户授权 JCR 导入,https://jcr.clarivate.com/jcr/home
ACM Computing Surveys,2020,7.99,常投期刊清单,2020 JCR authorized import,用户授权 JCR 导入,https://jcr.clarivate.com/jcr/home
ACM Computing Surveys,2021,10.282,常投期刊清单,2021 JCR authorized import,用户授权 JCR 导入,https://jcr.clarivate.com/jcr/home
ACM Computing Surveys,2022,14.324,常投期刊清单,2022 JCR authorized import,用户授权 JCR 导入,https://jcr.clarivate.com/jcr/home
ACM Computing Surveys,2023,16.6,常投期刊清单,2023 JCR authorized import,用户授权 JCR 导入,https://jcr.clarivate.com/jcr/home
ACM Computing Surveys,2024,23.8,常投期刊清单,2024 JCR authorized import,用户授权 JCR 导入,https://jcr.clarivate.com/jcr/home
ACM Computing Surveys,2025,28,常投期刊清单,2025 JCR authorized import,用户授权 JCR 导入,https://jcr.clarivate.com/jcr/home
IEEE Signal Processing Magazine,2018,7.451,常投期刊清单,2018 JCR authorized import,用户授权 JCR 导入,https://jcr.clarivate.com/jcr/home
IEEE Signal Processing Magazine,2019,7.602,常投期刊清单,2019 JCR authorized import,用户授权 JCR 导入,https://jcr.clarivate.com/jcr/home
IEEE Signal Processing Magazine,2020,11.35,常投期刊清单,2020 JCR authorized import,用户授权 JCR 导入,https://jcr.clarivate.com/jcr/home
IEEE Signal Processing Magazine,2021,12.551,常投期刊清单,2021 JCR authorized import,用户授权 JCR 导入,https://jcr.clarivate.com/jcr/home
IEEE Signal Processing Magazine,2022,15.204,常投期刊清单,2022 JCR authorized import,用户授权 JCR 导入,https://jcr.clarivate.com/jcr/home
IEEE Signal Processing Magazine,2023,14.9,常投期刊清单,2023 JCR authorized import,用户授权 JCR 导入,https://jcr.clarivate.com/jcr/home
IEEE Signal Processing Magazine,2024,9.4,常投期刊清单,2024 JCR authorized import,用户授权 JCR 导入,https://jcr.clarivate.com/jcr/home
IEEE Signal Processing Magazine,2025,9.6,常投期刊清单,2025 JCR authorized import,用户授权 JCR 导入,https://jcr.clarivate.com/jcr/home
IEEE Geoscience and Remote Sensing Magazine,2018,4.932,常投期刊清单,2018 JCR authorized import,用户授权 JCR 导入,https://jcr.clarivate.com/jcr/home
IEEE Geoscience and Remote Sensing Magazine,2019,9.659,常投期刊清单,2019 JCR authorized import,用户授权 JCR 导入,https://jcr.clarivate.com/jcr/home
IEEE Geoscience and Remote Sensing Magazine,2020,13,常投期刊清单,2020 JCR authorized import,用户授权 JCR 导入,https://jcr.clarivate.com/jcr/home
IEEE Geoscience and Remote Sensing Magazine,2021,8.225,常投期刊清单,2021 JCR authorized import,用户授权 JCR 导入,https://jcr.clarivate.com/jcr/home
IEEE Geoscience and Remote Sensing Magazine,2022,13.925,常投期刊清单,2022 JCR authorized import,用户授权 JCR 导入,https://jcr.clarivate.com/jcr/home
IEEE Geoscience and Remote Sensing Magazine,2023,14.6,常投期刊清单,2023 JCR authorized import,用户授权 JCR 导入,https://jcr.clarivate.com/jcr/home
IEEE Geoscience and Remote Sensing Magazine,2024,14.5,常投期刊清单,2024 JCR authorized import,用户授权 JCR 导入,https://jcr.clarivate.com/jcr/home
IEEE Geoscience and Remote Sensing Magazine,2025,16.4,常投期刊清单,2025 JCR authorized import,用户授权 JCR 导入,https://jcr.clarivate.com/jcr/home
Artificial Intelligence,2018,3.034,常投期刊清单,2018 JCR authorized import,用户授权 JCR 导入,https://jcr.clarivate.com/jcr/home
Artificial Intelligence,2019,3.574,常投期刊清单,2019 JCR authorized import,用户授权 JCR 导入,https://jcr.clarivate.com/jcr/home
Artificial Intelligence,2020,6.628,常投期刊清单,2020 JCR authorized import,用户授权 JCR 导入,https://jcr.clarivate.com/jcr/home
Artificial Intelligence,2021,9.088,常投期刊清单,2021 JCR authorized import,用户授权 JCR 导入,https://jcr.clarivate.com/jcr/home
Artificial Intelligence,2022,14.05,常投期刊清单,2022 JCR authorized import,用户授权 JCR 导入,https://jcr.clarivate.com/jcr/home
Artificial Intelligence,2023,14.4,常投期刊清单,2023 JCR authorized import,用户授权 JCR 导入,https://jcr.clarivate.com/jcr/home
Artificial Intelligence,2024,5.1,常投期刊清单,2024 JCR authorized import,用户授权 JCR 导入,https://jcr.clarivate.com/jcr/home
Artificial Intelligence,2025,4.6,常投期刊清单,2025 JCR authorized import,用户授权 JCR 导入,https://jcr.clarivate.com/jcr/home
IEEE Transactions on Evolutionary Computation,2018,8.124,常投期刊清单,2018 JCR authorized import,用户授权 JCR 导入,https://jcr.clarivate.com/jcr/home
IEEE Transactions on Evolutionary Computation,2019,8.508,常投期刊清单,2019 JCR authorized import,用户授权 JCR 导入,https://jcr.clarivate.com/jcr/home
IEEE Transactions on Evolutionary Computation,2020,11.169,常投期刊清单,2020 JCR authorized import,用户授权 JCR 导入,https://jcr.clarivate.com/jcr/home
IEEE Transactions on Evolutionary Computation,2021,11.554,常投期刊清单,2021 JCR authorized import,用户授权 JCR 导入,https://jcr.clarivate.com/jcr/home
IEEE Transactions on Evolutionary Computation,2022,16.497,常投期刊清单,2022 JCR authorized import,用户授权 JCR 导入,https://jcr.clarivate.com/jcr/home
IEEE Transactions on Evolutionary Computation,2023,14.3,常投期刊清单,2023 JCR authorized import,用户授权 JCR 导入,https://jcr.clarivate.com/jcr/home
IEEE Transactions on Evolutionary Computation,2024,11.7,常投期刊清单,2024 JCR authorized import,用户授权 JCR 导入,https://jcr.clarivate.com/jcr/home
IEEE Transactions on Evolutionary Computation,2025,12,常投期刊清单,2025 JCR authorized import,用户授权 JCR 导入,https://jcr.clarivate.com/jcr/home
Remote Sensing of Environment,2018,6.457,常投期刊清单,2018 JCR authorized import,用户授权 JCR 导入,https://jcr.clarivate.com/jcr/home
Remote Sensing of Environment,2019,8.218,常投期刊清单,2019 JCR authorized import,用户授权 JCR 导入,https://jcr.clarivate.com/jcr/home
Remote Sensing of Environment,2020,9.085,常投期刊清单,2020 JCR authorized import,用户授权 JCR 导入,https://jcr.clarivate.com/jcr/home
Remote Sensing of Environment,2021,10.164,常投期刊清单,2021 JCR authorized import,用户授权 JCR 导入,https://jcr.clarivate.com/jcr/home
Remote Sensing of Environment,2022,13.85,常投期刊清单,2022 JCR authorized import,用户授权 JCR 导入,https://jcr.clarivate.com/jcr/home
Remote Sensing of Environment,2023,13.5,常投期刊清单,2023 JCR authorized import,用户授权 JCR 导入,https://jcr.clarivate.com/jcr/home
Remote Sensing of Environment,2024,11.1,常投期刊清单,2024 JCR authorized import,用户授权 JCR 导入,https://jcr.clarivate.com/jcr/home
Remote Sensing of Environment,2025,11.4,常投期刊清单,2025 JCR authorized import,用户授权 JCR 导入,https://jcr.clarivate.com/jcr/home
ISPRS Journal of Photogrammetry and Remote Sensing,2018,5.994,常投期刊清单,2018 JCR authorized import,用户授权 JCR 导入,https://jcr.clarivate.com/jcr/home
ISPRS Journal of Photogrammetry and Remote Sensing,2019,6.942,常投期刊清单,2019 JCR authorized import,用户授权 JCR 导入,https://jcr.clarivate.com/jcr/home
ISPRS Journal of Photogrammetry and Remote Sensing,2020,7.319,常投期刊清单,2020 JCR authorized import,用户授权 JCR 导入,https://jcr.clarivate.com/jcr/home
ISPRS Journal of Photogrammetry and Remote Sensing,2021,8.979,常投期刊清单,2021 JCR authorized import,用户授权 JCR 导入,https://jcr.clarivate.com/jcr/home
ISPRS Journal of Photogrammetry and Remote Sensing,2022,11.774,常投期刊清单,2022 JCR authorized import,用户授权 JCR 导入,https://jcr.clarivate.com/jcr/home
ISPRS Journal of Photogrammetry and Remote Sensing,2023,12.7,常投期刊清单,2023 JCR authorized import,用户授权 JCR 导入,https://jcr.clarivate.com/jcr/home
ISPRS Journal of Photogrammetry and Remote Sensing,2024,10,常投期刊清单,2024 JCR authorized import,用户授权 JCR 导入,https://jcr.clarivate.com/jcr/home
ISPRS Journal of Photogrammetry and Remote Sensing,2025,12.2,常投期刊清单,2025 JCR authorized import,用户授权 JCR 导入,https://jcr.clarivate.com/jcr/home
IEEE Transactions on Fuzzy Systems,2018,8.415,常投期刊清单,2018 JCR authorized import,用户授权 JCR 导入,https://jcr.clarivate.com/jcr/home
IEEE Transactions on Fuzzy Systems,2019,8.759,常投期刊清单,2019 JCR authorized import,用户授权 JCR 导入,https://jcr.clarivate.com/jcr/home
IEEE Transactions on Fuzzy Systems,2020,9.518,常投期刊清单,2020 JCR authorized import,用户授权 JCR 导入,https://jcr.clarivate.com/jcr/home
IEEE Transactions on Fuzzy Systems,2021,12.029,常投期刊清单,2021 JCR authorized import,用户授权 JCR 导入,https://jcr.clarivate.com/jcr/home
IEEE Transactions on Fuzzy Systems,2022,12.253,常投期刊清单,2022 JCR authorized import,用户授权 JCR 导入,https://jcr.clarivate.com/jcr/home
IEEE Transactions on Fuzzy Systems,2023,11.9,常投期刊清单,2023 JCR authorized import,用户授权 JCR 导入,https://jcr.clarivate.com/jcr/home
IEEE Transactions on Fuzzy Systems,2024,10.7,常投期刊清单,2024 JCR authorized import,用户授权 JCR 导入,https://jcr.clarivate.com/jcr/home
IEEE Transactions on Fuzzy Systems,2025,11.9,常投期刊清单,2025 JCR authorized import,用户授权 JCR 导入,https://jcr.clarivate.com/jcr/home
IEEE Transactions on Cybernetics,2018,8.803,常投期刊清单,2018 JCR authorized import,用户授权 JCR 导入,https://jcr.clarivate.com/jcr/home
IEEE Transactions on Cybernetics,2019,10.387,常投期刊清单,2019 JCR authorized import,用户授权 JCR 导入,https://jcr.clarivate.com/jcr/home
IEEE Transactions on Cybernetics,2020,11.079,常投期刊清单,2020 JCR authorized import,用户授权 JCR 导入,https://jcr.clarivate.com/jcr/home
IEEE Transactions on Cybernetics,2021,11.448,常投期刊清单,2021 JCR authorized import,用户授权 JCR 导入,https://jcr.clarivate.com/jcr/home
IEEE Transactions on Cybernetics,2022,19.118,常投期刊清单,2022 JCR authorized import,用户授权 JCR 导入,https://jcr.clarivate.com/jcr/home
IEEE Transactions on Cybernetics,2023,11.8,常投期刊清单,2023 JCR authorized import,用户授权 JCR 导入,https://jcr.clarivate.com/jcr/home
IEEE Transactions on Cybernetics,2024,9.4,常投期刊清单,2024 JCR authorized import,用户授权 JCR 导入,https://jcr.clarivate.com/jcr/home
IEEE Transactions on Cybernetics,2025,10.5,常投期刊清单,2025 JCR authorized import,用户授权 JCR 导入,https://jcr.clarivate.com/jcr/home
Proceedings of the National Academy of Sciences,2018,9.504,常投期刊清单,2018 JCR authorized import,用户授权 JCR 导入,https://jcr.clarivate.com/jcr/home
Proceedings of the National Academy of Sciences,2019,9.58,常投期刊清单,2019 JCR authorized import,用户授权 JCR 导入,https://jcr.clarivate.com/jcr/home
Proceedings of the National Academy of Sciences,2020,9.412,常投期刊清单,2020 JCR authorized import,用户授权 JCR 导入,https://jcr.clarivate.com/jcr/home
Proceedings of the National Academy of Sciences,2021,11.205,常投期刊清单,2021 JCR authorized import,用户授权 JCR 导入,https://jcr.clarivate.com/jcr/home
Proceedings of the National Academy of Sciences,2022,12.779,常投期刊清单,2022 JCR authorized import,用户授权 JCR 导入,https://jcr.clarivate.com/jcr/home
Proceedings of the National Academy of Sciences,2023,11.1,常投期刊清单,2023 JCR authorized import,用户授权 JCR 导入,https://jcr.clarivate.com/jcr/home
Proceedings of the National Academy of Sciences,2024,9.4,常投期刊清单,2024 JCR authorized import,用户授权 JCR 导入,https://jcr.clarivate.com/jcr/home
Proceedings of the National Academy of Sciences,2025,9.1,常投期刊清单,2025 JCR authorized import,用户授权 JCR 导入,https://jcr.clarivate.com/jcr/home
IEEE Transactions on Affective Computing,2018,4.585,常投期刊清单,2018 JCR authorized import,用户授权 JCR 导入,https://jcr.clarivate.com/jcr/home
IEEE Transactions on Affective Computing,2019,6.288,常投期刊清单,2019 JCR authorized import,用户授权 JCR 导入,https://jcr.clarivate.com/jcr/home
IEEE Transactions on Affective Computing,2020,7.512,常投期刊清单,2020 JCR authorized import,用户授权 JCR 导入,https://jcr.clarivate.com/jcr/home
IEEE Transactions on Affective Computing,2021,10.506,常投期刊清单,2021 JCR authorized import,用户授权 JCR 导入,https://jcr.clarivate.com/jcr/home
IEEE Transactions on Affective Computing,2022,13.99,常投期刊清单,2022 JCR authorized import,用户授权 JCR 导入,https://jcr.clarivate.com/jcr/home
IEEE Transactions on Affective Computing,2023,11.2,常投期刊清单,2023 JCR authorized import,用户授权 JCR 导入,https://jcr.clarivate.com/jcr/home
IEEE Transactions on Affective Computing,2024,9.6,常投期刊清单,2024 JCR authorized import,用户授权 JCR 导入,https://jcr.clarivate.com/jcr/home
IEEE Transactions on Affective Computing,2025,9.8,常投期刊清单,2025 JCR authorized import,用户授权 JCR 导入,https://jcr.clarivate.com/jcr/home
Research,2022,11.036,常投期刊清单,2022 JCR authorized import,用户授权 JCR 导入,https://jcr.clarivate.com/jcr/home
Research,2023,11,常投期刊清单,2023 JCR authorized import,用户授权 JCR 导入,https://jcr.clarivate.com/jcr/home
Research,2024,8,常投期刊清单,2024 JCR authorized import,用户授权 JCR 导入,https://jcr.clarivate.com/jcr/home
Research,2025,10.7,常投期刊清单,2025 JCR authorized import,用户授权 JCR 导入,https://jcr.clarivate.com/jcr/home
IEEE Transactions on Medical Imaging,2018,6.131,常投期刊清单,2018 JCR authorized import,用户授权 JCR 导入,https://jcr.clarivate.com/jcr/home
IEEE Transactions on Medical Imaging,2019,7.816,常投期刊清单,2019 JCR authorized import,用户授权 JCR 导入,https://jcr.clarivate.com/jcr/home
IEEE Transactions on Medical Imaging,2020,6.685,常投期刊清单,2020 JCR authorized import,用户授权 JCR 导入,https://jcr.clarivate.com/jcr/home
IEEE Transactions on Medical Imaging,2021,10.048,常投期刊清单,2021 JCR authorized import,用户授权 JCR 导入,https://jcr.clarivate.com/jcr/home
IEEE Transactions on Medical Imaging,2022,11.037,常投期刊清单,2022 JCR authorized import,用户授权 JCR 导入,https://jcr.clarivate.com/jcr/home
IEEE Transactions on Medical Imaging,2023,10.6,常投期刊清单,2023 JCR authorized import,用户授权 JCR 导入,https://jcr.clarivate.com/jcr/home
IEEE Transactions on Medical Imaging,2024,8.9,常投期刊清单,2024 JCR authorized import,用户授权 JCR 导入,https://jcr.clarivate.com/jcr/home
IEEE Transactions on Medical Imaging,2025,9.8,常投期刊清单,2025 JCR authorized import,用户授权 JCR 导入,https://jcr.clarivate.com/jcr/home
IEEE Transactions on Image Processing,2018,5.071,常投期刊清单,2018 JCR authorized import,用户授权 JCR 导入,https://jcr.clarivate.com/jcr/home
IEEE Transactions on Image Processing,2019,6.79,常投期刊清单,2019 JCR authorized import,用户授权 JCR 导入,https://jcr.clarivate.com/jcr/home
IEEE Transactions on Image Processing,2020,9.34,常投期刊清单,2020 JCR authorized import,用户授权 JCR 导入,https://jcr.clarivate.com/jcr/home
IEEE Transactions on Image Processing,2021,10.856,常投期刊清单,2021 JCR authorized import,用户授权 JCR 导入,https://jcr.clarivate.com/jcr/home
IEEE Transactions on Image Processing,2022,11.041,常投期刊清单,2022 JCR authorized import,用户授权 JCR 导入,https://jcr.clarivate.com/jcr/home
IEEE Transactions on Image Processing,2023,10.6,常投期刊清单,2023 JCR authorized import,用户授权 JCR 导入,https://jcr.clarivate.com/jcr/home
IEEE Transactions on Image Processing,2024,10.8,常投期刊清单,2024 JCR authorized import,用户授权 JCR 导入,https://jcr.clarivate.com/jcr/home
IEEE Transactions on Image Processing,2025,13.7,常投期刊清单,2025 JCR authorized import,用户授权 JCR 导入,https://jcr.clarivate.com/jcr/home
IEEE Transactions on Neural Networks and Learning Systems,2018,7.982,常投期刊清单,2018 JCR authorized import,用户授权 JCR 导入,https://jcr.clarivate.com/jcr/home
IEEE Transactions on Neural Networks and Learning Systems,2019,11.683,常投期刊清单,2019 JCR authorized import,用户授权 JCR 导入,https://jcr.clarivate.com/jcr/home
IEEE Transactions on Neural Networks and Learning Systems,2020,8.793,常投期刊清单,2020 JCR authorized import,用户授权 JCR 导入,https://jcr.clarivate.com/jcr/home
IEEE Transactions on Neural Networks and Learning Systems,2021,10.451,常投期刊清单,2021 JCR authorized import,用户授权 JCR 导入,https://jcr.clarivate.com/jcr/home
IEEE Transactions on Neural Networks and Learning Systems,2022,14.255,常投期刊清单,2022 JCR authorized import,用户授权 JCR 导入,https://jcr.clarivate.com/jcr/home
IEEE Transactions on Neural Networks and Learning Systems,2023,10.4,常投期刊清单,2023 JCR authorized import,用户授权 JCR 导入,https://jcr.clarivate.com/jcr/home
IEEE Transactions on Neural Networks and Learning Systems,2024,10.2,常投期刊清单,2024 JCR authorized import,用户授权 JCR 导入,https://jcr.clarivate.com/jcr/home
IEEE Transactions on Neural Networks and Learning Systems,2025,8.9,常投期刊清单,2025 JCR authorized import,用户授权 JCR 导入,https://jcr.clarivate.com/jcr/home
Swarm and Evolutionary Computation,2018,3.818,常投期刊清单,2018 JCR authorized import,用户授权 JCR 导入,https://jcr.clarivate.com/jcr/home
Swarm and Evolutionary Computation,2019,6.33,常投期刊清单,2019 JCR authorized import,用户授权 JCR 导入,https://jcr.clarivate.com/jcr/home
Swarm and Evolutionary Computation,2020,6.912,常投期刊清单,2020 JCR authorized import,用户授权 JCR 导入,https://jcr.clarivate.com/jcr/home
Swarm and Evolutionary Computation,2021,7.177,常投期刊清单,2021 JCR authorized import,用户授权 JCR 导入,https://jcr.clarivate.com/jcr/home
Swarm and Evolutionary Computation,2022,10.267,常投期刊清单,2022 JCR authorized import,用户授权 JCR 导入,https://jcr.clarivate.com/jcr/home
Swarm and Evolutionary Computation,2023,10,常投期刊清单,2023 JCR authorized import,用户授权 JCR 导入,https://jcr.clarivate.com/jcr/home
Swarm and Evolutionary Computation,2024,8.2,常投期刊清单,2024 JCR authorized import,用户授权 JCR 导入,https://jcr.clarivate.com/jcr/home
Swarm and Evolutionary Computation,2025,8.5,常投期刊清单,2025 JCR authorized import,用户授权 JCR 导入,https://jcr.clarivate.com/jcr/home
IEEE Computational Intelligence Magazine,2018,6.611,常投期刊清单,2018 JCR authorized import,用户授权 JCR 导入,https://jcr.clarivate.com/jcr/home
IEEE Computational Intelligence Magazine,2019,5.857,常投期刊清单,2019 JCR authorized import,用户授权 JCR 导入,https://jcr.clarivate.com/jcr/home
IEEE Computational Intelligence Magazine,2020,9.083,常投期刊清单,2020 JCR authorized import,用户授权 JCR 导入,https://jcr.clarivate.com/jcr/home
IEEE Computational Intelligence Magazine,2021,11.356,常投期刊清单,2021 JCR authorized import,用户授权 JCR 导入,https://jcr.clarivate.com/jcr/home
IEEE Computational Intelligence Magazine,2022,9.809,常投期刊清单,2022 JCR authorized import,用户授权 JCR 导入,https://jcr.clarivate.com/jcr/home
IEEE Computational Intelligence Magazine,2023,9,常投期刊清单,2023 JCR authorized import,用户授权 JCR 导入,https://jcr.clarivate.com/jcr/home
IEEE Computational Intelligence Magazine,2024,10.3,常投期刊清单,2024 JCR authorized import,用户授权 JCR 导入,https://jcr.clarivate.com/jcr/home
IEEE Computational Intelligence Magazine,2025,11.2,常投期刊清单,2025 JCR authorized import,用户授权 JCR 导入,https://jcr.clarivate.com/jcr/home
IEEE Transactions on Knowledge and Data Engineering,2018,2.775,常投期刊清单,2018 JCR authorized import,用户授权 JCR 导入,https://jcr.clarivate.com/jcr/home
IEEE Transactions on Knowledge and Data Engineering,2019,3.857,常投期刊清单,2019 JCR authorized import,用户授权 JCR 导入,https://jcr.clarivate.com/jcr/home
IEEE Transactions on Knowledge and Data Engineering,2020,4.935,常投期刊清单,2020 JCR authorized import,用户授权 JCR 导入,https://jcr.clarivate.com/jcr/home
IEEE Transactions on Knowledge and Data Engineering,2021,6.977,常投期刊清单,2021 JCR authorized import,用户授权 JCR 导入,https://jcr.clarivate.com/jcr/home
IEEE Transactions on Knowledge and Data Engineering,2022,9.235,常投期刊清单,2022 JCR authorized import,用户授权 JCR 导入,https://jcr.clarivate.com/jcr/home
IEEE Transactions on Knowledge and Data Engineering,2023,8.9,常投期刊清单,2023 JCR authorized import,用户授权 JCR 导入,https://jcr.clarivate.com/jcr/home
IEEE Transactions on Knowledge and Data Engineering,2024,8.9,常投期刊清单,2024 JCR authorized import,用户授权 JCR 导入,https://jcr.clarivate.com/jcr/home
IEEE Transactions on Knowledge and Data Engineering,2025,10.4,常投期刊清单,2025 JCR authorized import,用户授权 JCR 导入,https://jcr.clarivate.com/jcr/home
Knowledge-Based Systems,2018,4.396,常投期刊清单,2018 JCR authorized import,用户授权 JCR 导入,https://jcr.clarivate.com/jcr/home
Knowledge-Based Systems,2019,5.101,常投期刊清单,2019 JCR authorized import,用户授权 JCR 导入,https://jcr.clarivate.com/jcr/home
Knowledge-Based Systems,2020,5.921,常投期刊清单,2020 JCR authorized import,用户授权 JCR 导入,https://jcr.clarivate.com/jcr/home
Knowledge-Based Systems,2021,8.038,常投期刊清单,2021 JCR authorized import,用户授权 JCR 导入,https://jcr.clarivate.com/jcr/home
Knowledge-Based Systems,2022,8.139,常投期刊清单,2022 JCR authorized import,用户授权 JCR 导入,https://jcr.clarivate.com/jcr/home
Knowledge-Based Systems,2023,8.8,常投期刊清单,2023 JCR authorized import,用户授权 JCR 导入,https://jcr.clarivate.com/jcr/home
Knowledge-Based Systems,2024,7.2,常投期刊清单,2024 JCR authorized import,用户授权 JCR 导入,https://jcr.clarivate.com/jcr/home
Knowledge-Based Systems,2025,7.6,常投期刊清单,2025 JCR authorized import,用户授权 JCR 导入,https://jcr.clarivate.com/jcr/home
IEEE Transactions on Systems Man Cybernetics-Systems,2018,5.131,常投期刊清单,2018 JCR authorized import,用户授权 JCR 导入,https://jcr.clarivate.com/jcr/home
IEEE Transactions on Systems Man Cybernetics-Systems,2019,7.351,常投期刊清单,2019 JCR authorized import,用户授权 JCR 导入,https://jcr.clarivate.com/jcr/home
IEEE Transactions on Systems Man Cybernetics-Systems,2020,9.309,常投期刊清单,2020 JCR authorized import,用户授权 JCR 导入,https://jcr.clarivate.com/jcr/home
IEEE Transactions on Systems Man Cybernetics-Systems,2021,13.451,常投期刊清单,2021 JCR authorized import,用户授权 JCR 导入,https://jcr.clarivate.com/jcr/home
IEEE Transactions on Systems Man Cybernetics-Systems,2022,11.471,常投期刊清单,2022 JCR authorized import,用户授权 JCR 导入,https://jcr.clarivate.com/jcr/home
IEEE Transactions on Systems Man Cybernetics-Systems,2023,8.7,常投期刊清单,2023 JCR authorized import,用户授权 JCR 导入,https://jcr.clarivate.com/jcr/home
IEEE Transactions on Systems Man Cybernetics-Systems,2024,8.6,常投期刊清单,2024 JCR authorized import,用户授权 JCR 导入,https://jcr.clarivate.com/jcr/home
IEEE Transactions on Systems Man Cybernetics-Systems,2025,8.7,常投期刊清单,2025 JCR authorized import,用户授权 JCR 导入,https://jcr.clarivate.com/jcr/home
Applied Soft Computing,2018,3.907,常投期刊清单,2018 JCR authorized import,用户授权 JCR 导入,https://jcr.clarivate.com/jcr/home
Applied Soft Computing,2019,4.873,常投期刊清单,2019 JCR authorized import,用户授权 JCR 导入,https://jcr.clarivate.com/jcr/home
Applied Soft Computing,2020,5.472,常投期刊清单,2020 JCR authorized import,用户授权 JCR 导入,https://jcr.clarivate.com/jcr/home
Applied Soft Computing,2021,6.725,常投期刊清单,2021 JCR authorized import,用户授权 JCR 导入,https://jcr.clarivate.com/jcr/home
Applied Soft Computing,2022,8.263,常投期刊清单,2022 JCR authorized import,用户授权 JCR 导入,https://jcr.clarivate.com/jcr/home
Applied Soft Computing,2023,8.7,常投期刊清单,2023 JCR authorized import,用户授权 JCR 导入,https://jcr.clarivate.com/jcr/home
Applied Soft Computing,2024,7.2,常投期刊清单,2024 JCR authorized import,用户授权 JCR 导入,https://jcr.clarivate.com/jcr/home
Applied Soft Computing,2025,6.6,常投期刊清单,2025 JCR authorized import,用户授权 JCR 导入,https://jcr.clarivate.com/jcr/home
Expert Systems with Applications,2018,3.768,常投期刊清单,2018 JCR authorized import,用户授权 JCR 导入,https://jcr.clarivate.com/jcr/home
Expert Systems with Applications,2019,4.292,常投期刊清单,2019 JCR authorized import,用户授权 JCR 导入,https://jcr.clarivate.com/jcr/home
Expert Systems with Applications,2020,5.452,常投期刊清单,2020 JCR authorized import,用户授权 JCR 导入,https://jcr.clarivate.com/jcr/home
Expert Systems with Applications,2021,6.954,常投期刊清单,2021 JCR authorized import,用户授权 JCR 导入,https://jcr.clarivate.com/jcr/home
Expert Systems with Applications,2022,8.665,常投期刊清单,2022 JCR authorized import,用户授权 JCR 导入,https://jcr.clarivate.com/jcr/home
Expert Systems with Applications,2023,8.5,常投期刊清单,2023 JCR authorized import,用户授权 JCR 导入,https://jcr.clarivate.com/jcr/home
Expert Systems with Applications,2024,7.5,常投期刊清单,2024 JCR authorized import,用户授权 JCR 导入,https://jcr.clarivate.com/jcr/home
Expert Systems with Applications,2025,7.5,常投期刊清单,2025 JCR authorized import,用户授权 JCR 导入,https://jcr.clarivate.com/jcr/home
IEEE Transactions on Circuits and Systems for Video Technology,2018,3.558,常投期刊清单,2018 JCR authorized import,用户授权 JCR 导入,https://jcr.clarivate.com/jcr/home
IEEE Transactions on Circuits and Systems for Video Technology,2019,4.046,常投期刊清单,2019 JCR authorized import,用户授权 JCR 导入,https://jcr.clarivate.com/jcr/home
IEEE Transactions on Circuits and Systems for Video Technology,2020,4.133,常投期刊清单,2020 JCR authorized import,用户授权 JCR 导入,https://jcr.clarivate.com/jcr/home
IEEE Transactions on Circuits and Systems for Video Technology,2021,4.685,常投期刊清单,2021 JCR authorized import,用户授权 JCR 导入,https://jcr.clarivate.com/jcr/home
IEEE Transactions on Circuits and Systems for Video Technology,2022,5.859,常投期刊清单,2022 JCR authorized import,用户授权 JCR 导入,https://jcr.clarivate.com/jcr/home
IEEE Transactions on Circuits and Systems for Video Technology,2023,8.4,常投期刊清单,2023 JCR authorized import,用户授权 JCR 导入,https://jcr.clarivate.com/jcr/home
IEEE Transactions on Circuits and Systems for Video Technology,2024,7.4,常投期刊清单,2024 JCR authorized import,用户授权 JCR 导入,https://jcr.clarivate.com/jcr/home
IEEE Transactions on Circuits and Systems for Video Technology,2025,11.1,常投期刊清单,2025 JCR authorized import,用户授权 JCR 导入,https://jcr.clarivate.com/jcr/home
IEEE Transactions on Geoscience and Remote Sensing,2018,4.662,常投期刊清单,2018 JCR authorized import,用户授权 JCR 导入,https://jcr.clarivate.com/jcr/home
IEEE Transactions on Geoscience and Remote Sensing,2019,5.63,常投期刊清单,2019 JCR authorized import,用户授权 JCR 导入,https://jcr.clarivate.com/jcr/home
IEEE Transactions on Geoscience and Remote Sensing,2020,5.855,常投期刊清单,2020 JCR authorized import,用户授权 JCR 导入,https://jcr.clarivate.com/jcr/home
IEEE Transactions on Geoscience and Remote Sensing,2021,5.6,常投期刊清单,2021 JCR authorized import,用户授权 JCR 导入,https://jcr.clarivate.com/jcr/home
IEEE Transactions on Geoscience and Remote Sensing,2022,8.125,常投期刊清单,2022 JCR authorized import,用户授权 JCR 导入,https://jcr.clarivate.com/jcr/home
IEEE Transactions on Geoscience and Remote Sensing,2023,8.2,常投期刊清单,2023 JCR authorized import,用户授权 JCR 导入,https://jcr.clarivate.com/jcr/home
IEEE Transactions on Geoscience and Remote Sensing,2024,7.5,常投期刊清单,2024 JCR authorized import,用户授权 JCR 导入,https://jcr.clarivate.com/jcr/home
IEEE Transactions on Geoscience and Remote Sensing,2025,8.6,常投期刊清单,2025 JCR authorized import,用户授权 JCR 导入,https://jcr.clarivate.com/jcr/home
Information Sciences,2018,4.305,常投期刊清单,2018 JCR authorized import,用户授权 JCR 导入,https://jcr.clarivate.com/jcr/home
Information Sciences,2019,5.524,常投期刊清单,2019 JCR authorized import,用户授权 JCR 导入,https://jcr.clarivate.com/jcr/home
Information Sciences,2020,5.91,常投期刊清单,2020 JCR authorized import,用户授权 JCR 导入,https://jcr.clarivate.com/jcr/home
Information Sciences,2021,6.795,常投期刊清单,2021 JCR authorized import,用户授权 JCR 导入,https://jcr.clarivate.com/jcr/home
Information Sciences,2022,8.233,常投期刊清单,2022 JCR authorized import,用户授权 JCR 导入,https://jcr.clarivate.com/jcr/home
Information Sciences,2023,8.1,常投期刊清单,2023 JCR authorized import,用户授权 JCR 导入,https://jcr.clarivate.com/jcr/home
Information Sciences,2024,6.6,常投期刊清单,2024 JCR authorized import,用户授权 JCR 导入,https://jcr.clarivate.com/jcr/home
Information Sciences,2025,6.8,常投期刊清单,2025 JCR authorized import,用户授权 JCR 导入,https://jcr.clarivate.com/jcr/home
Pattern Recognition,2018,3.962,常投期刊清单,2018 JCR authorized import,用户授权 JCR 导入,https://jcr.clarivate.com/jcr/home
Pattern Recognition,2019,5.898,常投期刊清单,2019 JCR authorized import,用户授权 JCR 导入,https://jcr.clarivate.com/jcr/home
Pattern Recognition,2020,7.196,常投期刊清单,2020 JCR authorized import,用户授权 JCR 导入,https://jcr.clarivate.com/jcr/home
Pattern Recognition,2021,7.74,常投期刊清单,2021 JCR authorized import,用户授权 JCR 导入,https://jcr.clarivate.com/jcr/home
Pattern Recognition,2022,8.518,常投期刊清单,2022 JCR authorized import,用户授权 JCR 导入,https://jcr.clarivate.com/jcr/home
Pattern Recognition,2023,8,常投期刊清单,2023 JCR authorized import,用户授权 JCR 导入,https://jcr.clarivate.com/jcr/home
Pattern Recognition,2024,7.5,常投期刊清单,2024 JCR authorized import,用户授权 JCR 导入,https://jcr.clarivate.com/jcr/home
Pattern Recognition,2025,7.6,常投期刊清单,2025 JCR authorized import,用户授权 JCR 导入,https://jcr.clarivate.com/jcr/home
Engineering Applications of Artificial Intelligence,2018,2.819,常投期刊清单,2018 JCR authorized import,用户授权 JCR 导入,https://jcr.clarivate.com/jcr/home
Engineering Applications of Artificial Intelligence,2019,3.526,常投期刊清单,2019 JCR authorized import,用户授权 JCR 导入,https://jcr.clarivate.com/jcr/home
Engineering Applications of Artificial Intelligence,2020,4.201,常投期刊清单,2020 JCR authorized import,用户授权 JCR 导入,https://jcr.clarivate.com/jcr/home
Engineering Applications of Artificial Intelligence,2021,6.212,常投期刊清单,2021 JCR authorized import,用户授权 JCR 导入,https://jcr.clarivate.com/jcr/home
Engineering Applications of Artificial Intelligence,2022,7.802,常投期刊清单,2022 JCR authorized import,用户授权 JCR 导入,https://jcr.clarivate.com/jcr/home
Engineering Applications of Artificial Intelligence,2023,8,常投期刊清单,2023 JCR authorized import,用户授权 JCR 导入,https://jcr.clarivate.com/jcr/home
Engineering Applications of Artificial Intelligence,2024,7.5,常投期刊清单,2024 JCR authorized import,用户授权 JCR 导入,https://jcr.clarivate.com/jcr/home
Engineering Applications of Artificial Intelligence,2025,8,常投期刊清单,2025 JCR authorized import,用户授权 JCR 导入,https://jcr.clarivate.com/jcr/home
Neural Networks,2018,7.197,常投期刊清单,2018 JCR authorized import,用户授权 JCR 导入,https://jcr.clarivate.com/jcr/home
Neural Networks,2019,5.785,常投期刊清单,2019 JCR authorized import,用户授权 JCR 导入,https://jcr.clarivate.com/jcr/home
Neural Networks,2020,5.535,常投期刊清单,2020 JCR authorized import,用户授权 JCR 导入,https://jcr.clarivate.com/jcr/home
Neural Networks,2021,8.05,常投期刊清单,2021 JCR authorized import,用户授权 JCR 导入,https://jcr.clarivate.com/jcr/home
Neural Networks,2022,9.657,常投期刊清单,2022 JCR authorized import,用户授权 JCR 导入,https://jcr.clarivate.com/jcr/home
Neural Networks,2023,7.8,常投期刊清单,2023 JCR authorized import,用户授权 JCR 导入,https://jcr.clarivate.com/jcr/home
Neural Networks,2024,6,常投期刊清单,2024 JCR authorized import,用户授权 JCR 导入,https://jcr.clarivate.com/jcr/home
Neural Networks,2025,6.3,常投期刊清单,2025 JCR authorized import,用户授权 JCR 导入,https://jcr.clarivate.com/jcr/home
Machine Learning,2018,1.855,常投期刊清单,2018 JCR authorized import,用户授权 JCR 导入,https://jcr.clarivate.com/jcr/home
Machine Learning,2019,2.809,常投期刊清单,2019 JCR authorized import,用户授权 JCR 导入,https://jcr.clarivate.com/jcr/home
Machine Learning,2020,2.672,常投期刊清单,2020 JCR authorized import,用户授权 JCR 导入,https://jcr.clarivate.com/jcr/home
Machine Learning,2021,2.94,常投期刊清单,2021 JCR authorized import,用户授权 JCR 导入,https://jcr.clarivate.com/jcr/home
Machine Learning,2022,5.414,常投期刊清单,2022 JCR authorized import,用户授权 JCR 导入,https://jcr.clarivate.com/jcr/home
Machine Learning,2023,7.5,常投期刊清单,2023 JCR authorized import,用户授权 JCR 导入,https://jcr.clarivate.com/jcr/home
Machine Learning,2024,4.3,常投期刊清单,2024 JCR authorized import,用户授权 JCR 导入,https://jcr.clarivate.com/jcr/home
Machine Learning,2025,2.9,常投期刊清单,2025 JCR authorized import,用户授权 JCR 导入,https://jcr.clarivate.com/jcr/home
IEEE Journal of Selected Topics in Signal Processing,2018,4.361,常投期刊清单,2018 JCR authorized import,用户授权 JCR 导入,https://jcr.clarivate.com/jcr/home
IEEE Journal of Selected Topics in Signal Processing,2019,6.688,常投期刊清单,2019 JCR authorized import,用户授权 JCR 导入,https://jcr.clarivate.com/jcr/home
IEEE Journal of Selected Topics in Signal Processing,2020,4.981,常投期刊清单,2020 JCR authorized import,用户授权 JCR 导入,https://jcr.clarivate.com/jcr/home
IEEE Journal of Selected Topics in Signal Processing,2021,6.856,常投期刊清单,2021 JCR authorized import,用户授权 JCR 导入,https://jcr.clarivate.com/jcr/home
IEEE Journal of Selected Topics in Signal Processing,2022,7.695,常投期刊清单,2022 JCR authorized import,用户授权 JCR 导入,https://jcr.clarivate.com/jcr/home
IEEE Journal of Selected Topics in Signal Processing,2023,7.5,常投期刊清单,2023 JCR authorized import,用户授权 JCR 导入,https://jcr.clarivate.com/jcr/home
IEEE Journal of Selected Topics in Signal Processing,2024,8.3,常投期刊清单,2024 JCR authorized import,用户授权 JCR 导入,https://jcr.clarivate.com/jcr/home
IEEE Journal of Selected Topics in Signal Processing,2025,13.7,常投期刊清单,2025 JCR authorized import,用户授权 JCR 导入,https://jcr.clarivate.com/jcr/home
IEEE Transactions on Multimedia,2018,3.977,常投期刊清单,2018 JCR authorized import,用户授权 JCR 导入,https://jcr.clarivate.com/jcr/home
IEEE Transactions on Multimedia,2019,5.452,常投期刊清单,2019 JCR authorized import,用户授权 JCR 导入,https://jcr.clarivate.com/jcr/home
IEEE Transactions on Multimedia,2020,6.051,常投期刊清单,2020 JCR authorized import,用户授权 JCR 导入,https://jcr.clarivate.com/jcr/home
IEEE Transactions on Multimedia,2021,6.513,常投期刊清单,2021 JCR authorized import,用户授权 JCR 导入,https://jcr.clarivate.com/jcr/home
IEEE Transactions on Multimedia,2022,8.182,常投期刊清单,2022 JCR authorized import,用户授权 JCR 导入,https://jcr.clarivate.com/jcr/home
IEEE Transactions on Multimedia,2023,7.3,常投期刊清单,2023 JCR authorized import,用户授权 JCR 导入,https://jcr.clarivate.com/jcr/home
IEEE Transactions on Multimedia,2024,8.4,常投期刊清单,2024 JCR authorized import,用户授权 JCR 导入,https://jcr.clarivate.com/jcr/home
IEEE Transactions on Multimedia,2025,9.7,常投期刊清单,2025 JCR authorized import,用户授权 JCR 导入,https://jcr.clarivate.com/jcr/home
IEEE Transactions on Information Forensics and Security,2018,5.824,常投期刊清单,2018 JCR authorized import,用户授权 JCR 导入,https://jcr.clarivate.com/jcr/home
IEEE Transactions on Information Forensics and Security,2019,6.211,常投期刊清单,2019 JCR authorized import,用户授权 JCR 导入,https://jcr.clarivate.com/jcr/home
IEEE Transactions on Information Forensics and Security,2020,6.013,常投期刊清单,2020 JCR authorized import,用户授权 JCR 导入,https://jcr.clarivate.com/jcr/home
IEEE Transactions on Information Forensics and Security,2021,7.178,常投期刊清单,2021 JCR authorized import,用户授权 JCR 导入,https://jcr.clarivate.com/jcr/home
IEEE Transactions on Information Forensics and Security,2022,7.231,常投期刊清单,2022 JCR authorized import,用户授权 JCR 导入,https://jcr.clarivate.com/jcr/home
IEEE Transactions on Information Forensics and Security,2023,6.8,常投期刊清单,2023 JCR authorized import,用户授权 JCR 导入,https://jcr.clarivate.com/jcr/home
IEEE Transactions on Information Forensics and Security,2024,6.3,常投期刊清单,2024 JCR authorized import,用户授权 JCR 导入,https://jcr.clarivate.com/jcr/home
IEEE Transactions on Information Forensics and Security,2025,8,常投期刊清单,2025 JCR authorized import,用户授权 JCR 导入,https://jcr.clarivate.com/jcr/home
IEEE Transactions on Automatic Control,2018,5.007,常投期刊清单,2018 JCR authorized import,用户授权 JCR 导入,https://jcr.clarivate.com/jcr/home
IEEE Transactions on Automatic Control,2019,5.093,常投期刊清单,2019 JCR authorized import,用户授权 JCR 导入,https://jcr.clarivate.com/jcr/home
IEEE Transactions on Automatic Control,2020,5.625,常投期刊清单,2020 JCR authorized import,用户授权 JCR 导入,https://jcr.clarivate.com/jcr/home
IEEE Transactions on Automatic Control,2021,5.792,常投期刊清单,2021 JCR authorized import,用户授权 JCR 导入,https://jcr.clarivate.com/jcr/home
IEEE Transactions on Automatic Control,2022,6.549,常投期刊清单,2022 JCR authorized import,用户授权 JCR 导入,https://jcr.clarivate.com/jcr/home
IEEE Transactions on Automatic Control,2023,6.8,常投期刊清单,2023 JCR authorized import,用户授权 JCR 导入,https://jcr.clarivate.com/jcr/home
IEEE Transactions on Automatic Control,2024,6.2,常投期刊清单,2024 JCR authorized import,用户授权 JCR 导入,https://jcr.clarivate.com/jcr/home
IEEE Transactions on Automatic Control,2025,7,常投期刊清单,2025 JCR authorized import,用户授权 JCR 导入,https://jcr.clarivate.com/jcr/home
Evolutionary Computation,2018,2.388,常投期刊清单,2018 JCR authorized import,用户授权 JCR 导入,https://jcr.clarivate.com/jcr/home
Evolutionary Computation,2019,3.469,常投期刊清单,2019 JCR authorized import,用户授权 JCR 导入,https://jcr.clarivate.com/jcr/home
Evolutionary Computation,2020,3.933,常投期刊清单,2020 JCR authorized import,用户授权 JCR 导入,https://jcr.clarivate.com/jcr/home
Evolutionary Computation,2021,3.277,常投期刊清单,2021 JCR authorized import,用户授权 JCR 导入,https://jcr.clarivate.com/jcr/home
Evolutionary Computation,2022,4.766,常投期刊清单,2022 JCR authorized import,用户授权 JCR 导入,https://jcr.clarivate.com/jcr/home
Evolutionary Computation,2023,6.8,常投期刊清单,2023 JCR authorized import,用户授权 JCR 导入,https://jcr.clarivate.com/jcr/home
Evolutionary Computation,2024,4.6,常投期刊清单,2024 JCR authorized import,用户授权 JCR 导入,https://jcr.clarivate.com/jcr/home
Evolutionary Computation,2025,3.4,常投期刊清单,2025 JCR authorized import,用户授权 JCR 导入,https://jcr.clarivate.com/jcr/home
GIScience & Remote Sensing,2018,2.852,常投期刊清单,2018 JCR authorized import,用户授权 JCR 导入,https://jcr.clarivate.com/jcr/home
GIScience & Remote Sensing,2019,3.574,常投期刊清单,2019 JCR authorized import,用户授权 JCR 导入,https://jcr.clarivate.com/jcr/home
GIScience & Remote Sensing,2020,5.965,常投期刊清单,2020 JCR authorized import,用户授权 JCR 导入,https://jcr.clarivate.com/jcr/home
GIScience & Remote Sensing,2021,6.238,常投期刊清单,2021 JCR authorized import,用户授权 JCR 导入,https://jcr.clarivate.com/jcr/home
GIScience & Remote Sensing,2022,6.397,常投期刊清单,2022 JCR authorized import,用户授权 JCR 导入,https://jcr.clarivate.com/jcr/home
GIScience & Remote Sensing,2023,6.7,常投期刊清单,2023 JCR authorized import,用户授权 JCR 导入,https://jcr.clarivate.com/jcr/home
GIScience & Remote Sensing,2024,5.8,常投期刊清单,2024 JCR authorized import,用户授权 JCR 导入,https://jcr.clarivate.com/jcr/home
GIScience & Remote Sensing,2025,6.9,常投期刊清单,2025 JCR authorized import,用户授权 JCR 导入,https://jcr.clarivate.com/jcr/home
IEEE Intelligent Systems,2018,2.596,常投期刊清单,2018 JCR authorized import,用户授权 JCR 导入,https://jcr.clarivate.com/jcr/home
IEEE Intelligent Systems,2019,4.464,常投期刊清单,2019 JCR authorized import,用户授权 JCR 导入,https://jcr.clarivate.com/jcr/home
IEEE Intelligent Systems,2020,3.21,常投期刊清单,2020 JCR authorized import,用户授权 JCR 导入,https://jcr.clarivate.com/jcr/home
IEEE Intelligent Systems,2021,3.405,常投期刊清单,2021 JCR authorized import,用户授权 JCR 导入,https://jcr.clarivate.com/jcr/home
IEEE Intelligent Systems,2022,6.744,常投期刊清单,2022 JCR authorized import,用户授权 JCR 导入,https://jcr.clarivate.com/jcr/home
IEEE Intelligent Systems,2023,6.4,常投期刊清单,2023 JCR authorized import,用户授权 JCR 导入,https://jcr.clarivate.com/jcr/home
IEEE Intelligent Systems,2024,5.6,常投期刊清单,2024 JCR authorized import,用户授权 JCR 导入,https://jcr.clarivate.com/jcr/home
IEEE Intelligent Systems,2025,6.1,常投期刊清单,2025 JCR authorized import,用户授权 JCR 导入,https://jcr.clarivate.com/jcr/home
European Journal of Operational Research,2018,3.428,常投期刊清单,2018 JCR authorized import,用户授权 JCR 导入,https://jcr.clarivate.com/jcr/home
European Journal of Operational Research,2019,3.806,常投期刊清单,2019 JCR authorized import,用户授权 JCR 导入,https://jcr.clarivate.com/jcr/home
European Journal of Operational Research,2020,4.213,常投期刊清单,2020 JCR authorized import,用户授权 JCR 导入,https://jcr.clarivate.com/jcr/home
European Journal of Operational Research,2021,5.334,常投期刊清单,2021 JCR authorized import,用户授权 JCR 导入,https://jcr.clarivate.com/jcr/home
European Journal of Operational Research,2022,6.363,常投期刊清单,2022 JCR authorized import,用户授权 JCR 导入,https://jcr.clarivate.com/jcr/home
European Journal of Operational Research,2023,6.4,常投期刊清单,2023 JCR authorized import,用户授权 JCR 导入,https://jcr.clarivate.com/jcr/home
European Journal of Operational Research,2024,6,常投期刊清单,2024 JCR authorized import,用户授权 JCR 导入,https://jcr.clarivate.com/jcr/home
European Journal of Operational Research,2025,6.1,常投期刊清单,2025 JCR authorized import,用户授权 JCR 导入,https://jcr.clarivate.com/jcr/home
Automatica,2018,6.126,常投期刊清单,2018 JCR authorized import,用户授权 JCR 导入,https://jcr.clarivate.com/jcr/home
Automatica,2019,6.355,常投期刊清单,2019 JCR authorized import,用户授权 JCR 导入,https://jcr.clarivate.com/jcr/home
Automatica,2020,5.541,常投期刊清单,2020 JCR authorized import,用户授权 JCR 导入,https://jcr.clarivate.com/jcr/home
Automatica,2021,5.944,常投期刊清单,2021 JCR authorized import,用户授权 JCR 导入,https://jcr.clarivate.com/jcr/home
Automatica,2022,6.15,常投期刊清单,2022 JCR authorized import,用户授权 JCR 导入,https://jcr.clarivate.com/jcr/home
Automatica,2023,6.4,常投期刊清单,2023 JCR authorized import,用户授权 JCR 导入,https://jcr.clarivate.com/jcr/home
Automatica,2024,4.8,常投期刊清单,2024 JCR authorized import,用户授权 JCR 导入,https://jcr.clarivate.com/jcr/home
Automatica,2025,5.9,常投期刊清单,2025 JCR authorized import,用户授权 JCR 导入,https://jcr.clarivate.com/jcr/home
Neurocomputing,2018,3.241,常投期刊清单,2018 JCR authorized import,用户授权 JCR 导入,https://jcr.clarivate.com/jcr/home
Neurocomputing,2019,4.072,常投期刊清单,2019 JCR authorized import,用户授权 JCR 导入,https://jcr.clarivate.com/jcr/home
Neurocomputing,2020,4.438,常投期刊清单,2020 JCR authorized import,用户授权 JCR 导入,https://jcr.clarivate.com/jcr/home
Neurocomputing,2021,5.719,常投期刊清单,2021 JCR authorized import,用户授权 JCR 导入,https://jcr.clarivate.com/jcr/home
Neurocomputing,2022,5.779,常投期刊清单,2022 JCR authorized import,用户授权 JCR 导入,https://jcr.clarivate.com/jcr/home
Neurocomputing,2023,6,常投期刊清单,2023 JCR authorized import,用户授权 JCR 导入,https://jcr.clarivate.com/jcr/home
Neurocomputing,2024,5.5,常投期刊清单,2024 JCR authorized import,用户授权 JCR 导入,https://jcr.clarivate.com/jcr/home
Neurocomputing,2025,6.5,常投期刊清单,2025 JCR authorized import,用户授权 JCR 导入,https://jcr.clarivate.com/jcr/home
Journal of Machine Learning Research,2018,2.281,常投期刊清单,2018 JCR authorized import,用户授权 JCR 导入,https://jcr.clarivate.com/jcr/home
Journal of Machine Learning Research,2019,4.091,常投期刊清单,2019 JCR authorized import,用户授权 JCR 导入,https://jcr.clarivate.com/jcr/home
Journal of Machine Learning Research,2020,3.484,常投期刊清单,2020 JCR authorized import,用户授权 JCR 导入,https://jcr.clarivate.com/jcr/home
Journal of Machine Learning Research,2021,3.654,常投期刊清单,2021 JCR authorized import,用户授权 JCR 导入,https://jcr.clarivate.com/jcr/home
Journal of Machine Learning Research,2022,5.177,常投期刊清单,2022 JCR authorized import,用户授权 JCR 导入,https://jcr.clarivate.com/jcr/home
Journal of Machine Learning Research,2023,6,常投期刊清单,2023 JCR authorized import,用户授权 JCR 导入,https://jcr.clarivate.com/jcr/home
Journal of Machine Learning Research,2024,4.3,常投期刊清单,2024 JCR authorized import,用户授权 JCR 导入,https://jcr.clarivate.com/jcr/home
Journal of Machine Learning Research,2025,5.2,常投期刊清单,2025 JCR authorized import,用户授权 JCR 导入,https://jcr.clarivate.com/jcr/home
IEEE Transactions on Emerging Topics in Computing,2019,4.989,常投期刊清单,2019 JCR authorized import,用户授权 JCR 导入,https://jcr.clarivate.com/jcr/home
IEEE Transactions on Emerging Topics in Computing,2020,6.043,常投期刊清单,2020 JCR authorized import,用户授权 JCR 导入,https://jcr.clarivate.com/jcr/home
IEEE Transactions on Emerging Topics in Computing,2021,7.691,常投期刊清单,2021 JCR authorized import,用户授权 JCR 导入,https://jcr.clarivate.com/jcr/home
IEEE Transactions on Emerging Topics in Computing,2022,6.595,常投期刊清单,2022 JCR authorized import,用户授权 JCR 导入,https://jcr.clarivate.com/jcr/home
IEEE Transactions on Emerging Topics in Computing,2023,5.9,常投期刊清单,2023 JCR authorized import,用户授权 JCR 导入,https://jcr.clarivate.com/jcr/home
IEEE Transactions on Emerging Topics in Computing,2024,5.1,常投期刊清单,2024 JCR authorized import,用户授权 JCR 导入,https://jcr.clarivate.com/jcr/home
IEEE Transactions on Emerging Topics in Computing,2025,5.4,常投期刊清单,2025 JCR authorized import,用户授权 JCR 导入,https://jcr.clarivate.com/jcr/home
Complex & Intelligent Systems,2020,3.791,常投期刊清单,2020 JCR authorized import,用户授权 JCR 导入,https://jcr.clarivate.com/jcr/home
Complex & Intelligent Systems,2021,4.927,常投期刊清单,2021 JCR authorized import,用户授权 JCR 导入,https://jcr.clarivate.com/jcr/home
Complex & Intelligent Systems,2022,6.7,常投期刊清单,2022 JCR authorized import,用户授权 JCR 导入,https://jcr.clarivate.com/jcr/home
Complex & Intelligent Systems,2023,5.8,常投期刊清单,2023 JCR authorized import,用户授权 JCR 导入,https://jcr.clarivate.com/jcr/home
Complex & Intelligent Systems,2024,5,常投期刊清单,2024 JCR authorized import,用户授权 JCR 导入,https://jcr.clarivate.com/jcr/home
Complex & Intelligent Systems,2025,4.6,常投期刊清单,2025 JCR authorized import,用户授权 JCR 导入,https://jcr.clarivate.com/jcr/home
Bioinformatics,2018,5.481,常投期刊清单,2018 JCR authorized import,用户授权 JCR 导入,https://jcr.clarivate.com/jcr/home
Bioinformatics,2019,4.531,常投期刊清单,2019 JCR authorized import,用户授权 JCR 导入,https://jcr.clarivate.com/jcr/home
Bioinformatics,2020,5.61,常投期刊清单,2020 JCR authorized import,用户授权 JCR 导入,https://jcr.clarivate.com/jcr/home
Bioinformatics,2021,6.937,常投期刊清单,2021 JCR authorized import,用户授权 JCR 导入,https://jcr.clarivate.com/jcr/home
Bioinformatics,2022,6.931,常投期刊清单,2022 JCR authorized import,用户授权 JCR 导入,https://jcr.clarivate.com/jcr/home
Bioinformatics,2023,5.8,常投期刊清单,2023 JCR authorized import,用户授权 JCR 导入,https://jcr.clarivate.com/jcr/home
Bioinformatics,2024,4.4,常投期刊清单,2024 JCR authorized import,用户授权 JCR 导入,https://jcr.clarivate.com/jcr/home
Bioinformatics,2025,5.4,常投期刊清单,2025 JCR authorized import,用户授权 JCR 导入,https://jcr.clarivate.com/jcr/home
IEEE Transactions on Automation Science and Engineering,2018,3.667,常投期刊清单,2018 JCR authorized import,用户授权 JCR 导入,https://jcr.clarivate.com/jcr/home
IEEE Transactions on Automation Science and Engineering,2019,5.224,常投期刊清单,2019 JCR authorized import,用户授权 JCR 导入,https://jcr.clarivate.com/jcr/home
IEEE Transactions on Automation Science and Engineering,2020,4.938,常投期刊清单,2020 JCR authorized import,用户授权 JCR 导入,https://jcr.clarivate.com/jcr/home
IEEE Transactions on Automation Science and Engineering,2021,5.083,常投期刊清单,2021 JCR authorized import,用户授权 JCR 导入,https://jcr.clarivate.com/jcr/home
IEEE Transactions on Automation Science and Engineering,2022,6.636,常投期刊清单,2022 JCR authorized import,用户授权 JCR 导入,https://jcr.clarivate.com/jcr/home
IEEE Transactions on Automation Science and Engineering,2023,5.6,常投期刊清单,2023 JCR authorized import,用户授权 JCR 导入,https://jcr.clarivate.com/jcr/home
IEEE Transactions on Automation Science and Engineering,2024,5.9,常投期刊清单,2024 JCR authorized import,用户授权 JCR 导入,https://jcr.clarivate.com/jcr/home
IEEE Transactions on Automation Science and Engineering,2025,6.4,常投期刊清单,2025 JCR authorized import,用户授权 JCR 导入,https://jcr.clarivate.com/jcr/home
IEEE Journal of Selected Topics in Applied Earth Observations and Remote Sensing,2018,2.777,常投期刊清单,2018 JCR authorized import,用户授权 JCR 导入,https://jcr.clarivate.com/jcr/home
IEEE Journal of Selected Topics in Applied Earth Observations and Remote Sensing,2019,3.392,常投期刊清单,2019 JCR authorized import,用户授权 JCR 导入,https://jcr.clarivate.com/jcr/home
IEEE Journal of Selected Topics in Applied Earth Observations and Remote Sensing,2020,3.827,常投期刊清单,2020 JCR authorized import,用户授权 JCR 导入,https://jcr.clarivate.com/jcr/home
IEEE Journal of Selected Topics in Applied Earth Observations and Remote Sensing,2021,3.784,常投期刊清单,2021 JCR authorized import,用户授权 JCR 导入,https://jcr.clarivate.com/jcr/home
IEEE Journal of Selected Topics in Applied Earth Observations and Remote Sensing,2022,4.715,常投期刊清单,2022 JCR authorized import,用户授权 JCR 导入,https://jcr.clarivate.com/jcr/home
IEEE Journal of Selected Topics in Applied Earth Observations and Remote Sensing,2023,5.5,常投期刊清单,2023 JCR authorized import,用户授权 JCR 导入,https://jcr.clarivate.com/jcr/home
IEEE Journal of Selected Topics in Applied Earth Observations and Remote Sensing,2024,4.3,常投期刊清单,2024 JCR authorized import,用户授权 JCR 导入,https://jcr.clarivate.com/jcr/home
IEEE Journal of Selected Topics in Applied Earth Observations and Remote Sensing,2025,5.3,常投期刊清单,2025 JCR authorized import,用户授权 JCR 导入,https://jcr.clarivate.com/jcr/home
IEEE Transactions on Signal Processing,2018,4.203,常投期刊清单,2018 JCR authorized import,用户授权 JCR 导入,https://jcr.clarivate.com/jcr/home
IEEE Transactions on Signal Processing,2019,5.23,常投期刊清单,2019 JCR authorized import,用户授权 JCR 导入,https://jcr.clarivate.com/jcr/home
IEEE Transactions on Signal Processing,2020,5.028,常投期刊清单,2020 JCR authorized import,用户授权 JCR 导入,https://jcr.clarivate.com/jcr/home
IEEE Transactions on Signal Processing,2021,4.931,常投期刊清单,2021 JCR authorized import,用户授权 JCR 导入,https://jcr.clarivate.com/jcr/home
IEEE Transactions on Signal Processing,2022,4.875,常投期刊清单,2022 JCR authorized import,用户授权 JCR 导入,https://jcr.clarivate.com/jcr/home
IEEE Transactions on Signal Processing,2023,5.4,常投期刊清单,2023 JCR authorized import,用户授权 JCR 导入,https://jcr.clarivate.com/jcr/home
IEEE Transactions on Signal Processing,2024,4.6,常投期刊清单,2024 JCR authorized import,用户授权 JCR 导入,https://jcr.clarivate.com/jcr/home
IEEE Transactions on Signal Processing,2025,5.8,常投期刊清单,2025 JCR authorized import,用户授权 JCR 导入,https://jcr.clarivate.com/jcr/home
IEEE Transactions on Parallel and Distributed Systems,2018,3.971,常投期刊清单,2018 JCR authorized import,用户授权 JCR 导入,https://jcr.clarivate.com/jcr/home
IEEE Transactions on Parallel and Distributed Systems,2019,3.402,常投期刊清单,2019 JCR authorized import,用户授权 JCR 导入,https://jcr.clarivate.com/jcr/home
IEEE Transactions on Parallel and Distributed Systems,2020,2.6,常投期刊清单,2020 JCR authorized import,用户授权 JCR 导入,https://jcr.clarivate.com/jcr/home
IEEE Transactions on Parallel and Distributed Systems,2021,2.687,常投期刊清单,2021 JCR authorized import,用户授权 JCR 导入,https://jcr.clarivate.com/jcr/home
IEEE Transactions on Parallel and Distributed Systems,2022,3.757,常投期刊清单,2022 JCR authorized import,用户授权 JCR 导入,https://jcr.clarivate.com/jcr/home
IEEE Transactions on Parallel and Distributed Systems,2023,5.3,常投期刊清单,2023 JCR authorized import,用户授权 JCR 导入,https://jcr.clarivate.com/jcr/home
IEEE Transactions on Parallel and Distributed Systems,2024,5.6,常投期刊清单,2024 JCR authorized import,用户授权 JCR 导入,https://jcr.clarivate.com/jcr/home
IEEE Transactions on Parallel and Distributed Systems,2025,6,常投期刊清单,2025 JCR authorized import,用户授权 JCR 导入,https://jcr.clarivate.com/jcr/home
IEEE Transactions on Emerging Topics in Computational Intelligence,2022,4.851,常投期刊清单,2022 JCR authorized import,用户授权 JCR 导入,https://jcr.clarivate.com/jcr/home
IEEE Transactions on Emerging Topics in Computational Intelligence,2023,5.3,常投期刊清单,2023 JCR authorized import,用户授权 JCR 导入,https://jcr.clarivate.com/jcr/home
IEEE Transactions on Emerging Topics in Computational Intelligence,2024,5.3,常投期刊清单,2024 JCR authorized import,用户授权 JCR 导入,https://jcr.clarivate.com/jcr/home
IEEE Transactions on Emerging Topics in Computational Intelligence,2025,6.5,常投期刊清单,2025 JCR authorized import,用户授权 JCR 导入,https://jcr.clarivate.com/jcr/home
Pattern Recognition Letters,2018,1.952,常投期刊清单,2018 JCR authorized import,用户授权 JCR 导入,https://jcr.clarivate.com/jcr/home
Pattern Recognition Letters,2019,2.81,常投期刊清单,2019 JCR authorized import,用户授权 JCR 导入,https://jcr.clarivate.com/jcr/home
Pattern Recognition Letters,2020,3.255,常投期刊清单,2020 JCR authorized import,用户授权 JCR 导入,https://jcr.clarivate.com/jcr/home
Pattern Recognition Letters,2021,3.756,常投期刊清单,2021 JCR authorized import,用户授权 JCR 导入,https://jcr.clarivate.com/jcr/home
Pattern Recognition Letters,2022,4.757,常投期刊清单,2022 JCR authorized import,用户授权 JCR 导入,https://jcr.clarivate.com/jcr/home
Pattern Recognition Letters,2023,5.1,常投期刊清单,2023 JCR authorized import,用户授权 JCR 导入,https://jcr.clarivate.com/jcr/home
Pattern Recognition Letters,2024,3.9,常投期刊清单,2024 JCR authorized import,用户授权 JCR 导入,https://jcr.clarivate.com/jcr/home
Pattern Recognition Letters,2025,3.3,常投期刊清单,2025 JCR authorized import,用户授权 JCR 导入,https://jcr.clarivate.com/jcr/home
Remote Sensing,2018,3.406,常投期刊清单,2018 JCR authorized import,用户授权 JCR 导入,https://jcr.clarivate.com/jcr/home
Remote Sensing,2019,4.118,常投期刊清单,2019 JCR authorized import,用户授权 JCR 导入,https://jcr.clarivate.com/jcr/home
Remote Sensing,2020,4.509,常投期刊清单,2020 JCR authorized import,用户授权 JCR 导入,https://jcr.clarivate.com/jcr/home
Remote Sensing,2021,4.848,常投期刊清单,2021 JCR authorized import,用户授权 JCR 导入,https://jcr.clarivate.com/jcr/home
Remote Sensing,2022,5.349,常投期刊清单,2022 JCR authorized import,用户授权 JCR 导入,https://jcr.clarivate.com/jcr/home
Remote Sensing,2023,5,常投期刊清单,2023 JCR authorized import,用户授权 JCR 导入,https://jcr.clarivate.com/jcr/home
Remote Sensing,2024,3.9,常投期刊清单,2024 JCR authorized import,用户授权 JCR 导入,https://jcr.clarivate.com/jcr/home
Remote Sensing,2025,4.1,常投期刊清单,2025 JCR authorized import,用户授权 JCR 导入,https://jcr.clarivate.com/jcr/home
Journal of Artificial Intelligence Research,2018,1.257,常投期刊清单,2018 JCR authorized import,用户授权 JCR 导入,https://jcr.clarivate.com/jcr/home
Journal of Artificial Intelligence Research,2019,1.82,常投期刊清单,2019 JCR authorized import,用户授权 JCR 导入,https://jcr.clarivate.com/jcr/home
Journal of Artificial Intelligence Research,2020,2.441,常投期刊清单,2020 JCR authorized import,用户授权 JCR 导入,https://jcr.clarivate.com/jcr/home
Journal of Artificial Intelligence Research,2021,2.776,常投期刊清单,2021 JCR authorized import,用户授权 JCR 导入,https://jcr.clarivate.com/jcr/home
Journal of Artificial Intelligence Research,2022,3.635,常投期刊清单,2022 JCR authorized import,用户授权 JCR 导入,https://jcr.clarivate.com/jcr/home
Journal of Artificial Intelligence Research,2023,5,常投期刊清单,2023 JCR authorized import,用户授权 JCR 导入,https://jcr.clarivate.com/jcr/home
Journal of Artificial Intelligence Research,2024,4.5,常投期刊清单,2024 JCR authorized import,用户授权 JCR 导入,https://jcr.clarivate.com/jcr/home
Journal of Artificial Intelligence Research,2025,4,常投期刊清单,2025 JCR authorized import,用户授权 JCR 导入,https://jcr.clarivate.com/jcr/home
IEEE Transactions on Cognitive and Developmental Systems,2018,1.952,常投期刊清单,2018 JCR authorized import,用户授权 JCR 导入,https://jcr.clarivate.com/jcr/home
IEEE Transactions on Cognitive and Developmental Systems,2019,2.755,常投期刊清单,2019 JCR authorized import,用户授权 JCR 导入,https://jcr.clarivate.com/jcr/home
IEEE Transactions on Cognitive and Developmental Systems,2020,2.667,常投期刊清单,2020 JCR authorized import,用户授权 JCR 导入,https://jcr.clarivate.com/jcr/home
IEEE Transactions on Cognitive and Developmental Systems,2021,3.379,常投期刊清单,2021 JCR authorized import,用户授权 JCR 导入,https://jcr.clarivate.com/jcr/home
IEEE Transactions on Cognitive and Developmental Systems,2022,4.546,常投期刊清单,2022 JCR authorized import,用户授权 JCR 导入,https://jcr.clarivate.com/jcr/home
IEEE Transactions on Cognitive and Developmental Systems,2023,5,常投期刊清单,2023 JCR authorized import,用户授权 JCR 导入,https://jcr.clarivate.com/jcr/home
IEEE Transactions on Cognitive and Developmental Systems,2024,4.2,常投期刊清单,2024 JCR authorized import,用户授权 JCR 导入,https://jcr.clarivate.com/jcr/home
IEEE Transactions on Cognitive and Developmental Systems,2025,4.9,常投期刊清单,2025 JCR authorized import,用户授权 JCR 导入,https://jcr.clarivate.com/jcr/home
ACM Transactions on Intelligent Systems and Technology,2018,2.973,常投期刊清单,2018 JCR authorized import,用户授权 JCR 导入,https://jcr.clarivate.com/jcr/home
ACM Transactions on Intelligent Systems and Technology,2019,2.861,常投期刊清单,2019 JCR authorized import,用户授权 JCR 导入,https://jcr.clarivate.com/jcr/home
ACM Transactions on Intelligent Systems and Technology,2020,2.672,常投期刊清单,2020 JCR authorized import,用户授权 JCR 导入,https://jcr.clarivate.com/jcr/home
ACM Transactions on Intelligent Systems and Technology,2021,4.654,常投期刊清单,2021 JCR authorized import,用户授权 JCR 导入,https://jcr.clarivate.com/jcr/home
ACM Transactions on Intelligent Systems and Technology,2022,10.489,常投期刊清单,2022 JCR authorized import,用户授权 JCR 导入,https://jcr.clarivate.com/jcr/home
ACM Transactions on Intelligent Systems and Technology,2023,5,常投期刊清单,2023 JCR authorized import,用户授权 JCR 导入,https://jcr.clarivate.com/jcr/home
ACM Transactions on Intelligent Systems and Technology,2024,7.2,常投期刊清单,2024 JCR authorized import,用户授权 JCR 导入,https://jcr.clarivate.com/jcr/home
ACM Transactions on Intelligent Systems and Technology,2025,6.6,常投期刊清单,2025 JCR authorized import,用户授权 JCR 导入,https://jcr.clarivate.com/jcr/home
IEEE Transactions on Control Systems Technology,2018,4.883,常投期刊清单,2018 JCR authorized import,用户授权 JCR 导入,https://jcr.clarivate.com/jcr/home
IEEE Transactions on Control Systems Technology,2019,5.371,常投期刊清单,2019 JCR authorized import,用户授权 JCR 导入,https://jcr.clarivate.com/jcr/home
IEEE Transactions on Control Systems Technology,2020,5.312,常投期刊清单,2020 JCR authorized import,用户授权 JCR 导入,https://jcr.clarivate.com/jcr/home
IEEE Transactions on Control Systems Technology,2021,5.485,常投期刊清单,2021 JCR authorized import,用户授权 JCR 导入,https://jcr.clarivate.com/jcr/home
IEEE Transactions on Control Systems Technology,2022,5.418,常投期刊清单,2022 JCR authorized import,用户授权 JCR 导入,https://jcr.clarivate.com/jcr/home
IEEE Transactions on Control Systems Technology,2023,4.8,常投期刊清单,2023 JCR authorized import,用户授权 JCR 导入,https://jcr.clarivate.com/jcr/home
IEEE Transactions on Control Systems Technology,2024,4.5,常投期刊清单,2024 JCR authorized import,用户授权 JCR 导入,https://jcr.clarivate.com/jcr/home
IEEE Transactions on Control Systems Technology,2025,3.9,常投期刊清单,2025 JCR authorized import,用户授权 JCR 导入,https://jcr.clarivate.com/jcr/home
IEEE Geoscience and Remote Sensing Letters,2018,2.892,常投期刊清单,2018 JCR authorized import,用户授权 JCR 导入,https://jcr.clarivate.com/jcr/home
IEEE Geoscience and Remote Sensing Letters,2019,3.534,常投期刊清单,2019 JCR authorized import,用户授权 JCR 导入,https://jcr.clarivate.com/jcr/home
IEEE Geoscience and Remote Sensing Letters,2020,3.833,常投期刊清单,2020 JCR authorized import,用户授权 JCR 导入,https://jcr.clarivate.com/jcr/home
IEEE Geoscience and Remote Sensing Letters,2021,3.966,常投期刊清单,2021 JCR authorized import,用户授权 JCR 导入,https://jcr.clarivate.com/jcr/home
IEEE Geoscience and Remote Sensing Letters,2022,5.343,常投期刊清单,2022 JCR authorized import,用户授权 JCR 导入,https://jcr.clarivate.com/jcr/home
IEEE Geoscience and Remote Sensing Letters,2023,4.8,常投期刊清单,2023 JCR authorized import,用户授权 JCR 导入,https://jcr.clarivate.com/jcr/home
IEEE Geoscience and Remote Sensing Letters,2024,3.4,常投期刊清单,2024 JCR authorized import,用户授权 JCR 导入,https://jcr.clarivate.com/jcr/home
IEEE Geoscience and Remote Sensing Letters,2025,4.4,常投期刊清单,2025 JCR authorized import,用户授权 JCR 导入,https://jcr.clarivate.com/jcr/home
Data Mining and Knowledge Discovery,2018,2.481,常投期刊清单,2018 JCR authorized import,用户授权 JCR 导入,https://jcr.clarivate.com/jcr/home
Data Mining and Knowledge Discovery,2019,2.879,常投期刊清单,2019 JCR authorized import,用户授权 JCR 导入,https://jcr.clarivate.com/jcr/home
Data Mining and Knowledge Discovery,2020,2.629,常投期刊清单,2020 JCR authorized import,用户授权 JCR 导入,https://jcr.clarivate.com/jcr/home
Data Mining and Knowledge Discovery,2021,3.67,常投期刊清单,2021 JCR authorized import,用户授权 JCR 导入,https://jcr.clarivate.com/jcr/home
Data Mining and Knowledge Discovery,2022,5.406,常投期刊清单,2022 JCR authorized import,用户授权 JCR 导入,https://jcr.clarivate.com/jcr/home
Data Mining and Knowledge Discovery,2023,4.8,常投期刊清单,2023 JCR authorized import,用户授权 JCR 导入,https://jcr.clarivate.com/jcr/home
Data Mining and Knowledge Discovery,2024,2.8,常投期刊清单,2024 JCR authorized import,用户授权 JCR 导入,https://jcr.clarivate.com/jcr/home
Data Mining and Knowledge Discovery,2025,4.3,常投期刊清单,2025 JCR authorized import,用户授权 JCR 导入,https://jcr.clarivate.com/jcr/home
Memetic Computing,2018,1.925,常投期刊清单,2018 JCR authorized import,用户授权 JCR 导入,https://jcr.clarivate.com/jcr/home
Memetic Computing,2019,2.674,常投期刊清单,2019 JCR authorized import,用户授权 JCR 导入,https://jcr.clarivate.com/jcr/home
Memetic Computing,2020,3.86,常投期刊清单,2020 JCR authorized import,用户授权 JCR 导入,https://jcr.clarivate.com/jcr/home
Memetic Computing,2021,5.9,常投期刊清单,2021 JCR authorized import,用户授权 JCR 导入,https://jcr.clarivate.com/jcr/home
Memetic Computing,2022,3.577,常投期刊清单,2022 JCR authorized import,用户授权 JCR 导入,https://jcr.clarivate.com/jcr/home
Memetic Computing,2023,4.7,常投期刊清单,2023 JCR authorized import,用户授权 JCR 导入,https://jcr.clarivate.com/jcr/home
Memetic Computing,2024,3.3,常投期刊清单,2024 JCR authorized import,用户授权 JCR 导入,https://jcr.clarivate.com/jcr/home
Memetic Computing,2025,2.3,常投期刊清单,2025 JCR authorized import,用户授权 JCR 导入,https://jcr.clarivate.com/jcr/home
IEEE Transactions on Biomedical Engineering,2018,4.288,常投期刊清单,2018 JCR authorized import,用户授权 JCR 导入,https://jcr.clarivate.com/jcr/home
IEEE Transactions on Biomedical Engineering,2019,4.491,常投期刊清单,2019 JCR authorized import,用户授权 JCR 导入,https://jcr.clarivate.com/jcr/home
IEEE Transactions on Biomedical Engineering,2020,4.424,常投期刊清单,2020 JCR authorized import,用户授权 JCR 导入,https://jcr.clarivate.com/jcr/home
IEEE Transactions on Biomedical Engineering,2021,4.538,常投期刊清单,2021 JCR authorized import,用户授权 JCR 导入,https://jcr.clarivate.com/jcr/home
IEEE Transactions on Biomedical Engineering,2022,4.756,常投期刊清单,2022 JCR authorized import,用户授权 JCR 导入,https://jcr.clarivate.com/jcr/home
IEEE Transactions on Biomedical Engineering,2023,4.6,常投期刊清单,2023 JCR authorized import,用户授权 JCR 导入,https://jcr.clarivate.com/jcr/home
IEEE Transactions on Biomedical Engineering,2024,4.4,常投期刊清单,2024 JCR authorized import,用户授权 JCR 导入,https://jcr.clarivate.com/jcr/home
IEEE Transactions on Biomedical Engineering,2025,4.5,常投期刊清单,2025 JCR authorized import,用户授权 JCR 导入,https://jcr.clarivate.com/jcr/home
IEEE/ACM Transactions on Computational Biology and Bioinformatics,2018,2.428,常投期刊清单,2018 JCR authorized import,用户授权 JCR 导入,https://jcr.clarivate.com/jcr/home
IEEE/ACM Transactions on Computational Biology and Bioinformatics,2019,2.896,常投期刊清单,2019 JCR authorized import,用户授权 JCR 导入,https://jcr.clarivate.com/jcr/home
IEEE/ACM Transactions on Computational Biology and Bioinformatics,2020,3.015,常投期刊清单,2020 JCR authorized import,用户授权 JCR 导入,https://jcr.clarivate.com/jcr/home
IEEE/ACM Transactions on Computational Biology and Bioinformatics,2021,3.71,常投期刊清单,2021 JCR authorized import,用户授权 JCR 导入,https://jcr.clarivate.com/jcr/home
IEEE/ACM Transactions on Computational Biology and Bioinformatics,2022,3.702,常投期刊清单,2022 JCR authorized import,用户授权 JCR 导入,https://jcr.clarivate.com/jcr/home
IEEE/ACM Transactions on Computational Biology and Bioinformatics,2023,4.5,常投期刊清单,2023 JCR authorized import,用户授权 JCR 导入,https://jcr.clarivate.com/jcr/home
IEEE/ACM Transactions on Computational Biology and Bioinformatics,2024,3.6,常投期刊清单,2024 JCR authorized import,用户授权 JCR 导入,https://jcr.clarivate.com/jcr/home
IEEE/ACM Transactions on Computational Biology and Bioinformatics,2025,3.4,常投期刊清单,2025 JCR authorized import,用户授权 JCR 导入,https://jcr.clarivate.com/jcr/home
Computer Vision and Image Understanding,2018,2.391,常投期刊清单,2018 JCR authorized import,用户授权 JCR 导入,https://jcr.clarivate.com/jcr/home
Computer Vision and Image Understanding,2019,2.645,常投期刊清单,2019 JCR authorized import,用户授权 JCR 导入,https://jcr.clarivate.com/jcr/home
Computer Vision and Image Understanding,2020,3.121,常投期刊清单,2020 JCR authorized import,用户授权 JCR 导入,https://jcr.clarivate.com/jcr/home
Computer Vision and Image Understanding,2021,3.876,常投期刊清单,2021 JCR authorized import,用户授权 JCR 导入,https://jcr.clarivate.com/jcr/home
Computer Vision and Image Understanding,2022,4.886,常投期刊清单,2022 JCR authorized import,用户授权 JCR 导入,https://jcr.clarivate.com/jcr/home
Computer Vision and Image Understanding,2023,4.5,常投期刊清单,2023 JCR authorized import,用户授权 JCR 导入,https://jcr.clarivate.com/jcr/home
Computer Vision and Image Understanding,2024,4.3,常投期刊清单,2024 JCR authorized import,用户授权 JCR 导入,https://jcr.clarivate.com/jcr/home
Computer Vision and Image Understanding,2025,3.5,常投期刊清单,2025 JCR authorized import,用户授权 JCR 导入,https://jcr.clarivate.com/jcr/home
Signal Processing,2018,3.47,常投期刊清单,2018 JCR authorized import,用户授权 JCR 导入,https://jcr.clarivate.com/jcr/home
Signal Processing,2019,4.086,常投期刊清单,2019 JCR authorized import,用户授权 JCR 导入,https://jcr.clarivate.com/jcr/home
Signal Processing,2020,4.384,常投期刊清单,2020 JCR authorized import,用户授权 JCR 导入,https://jcr.clarivate.com/jcr/home
Signal Processing,2021,4.662,常投期刊清单,2021 JCR authorized import,用户授权 JCR 导入,https://jcr.clarivate.com/jcr/home
Signal Processing,2022,4.729,常投期刊清单,2022 JCR authorized import,用户授权 JCR 导入,https://jcr.clarivate.com/jcr/home
Signal Processing,2023,4.4,常投期刊清单,2023 JCR authorized import,用户授权 JCR 导入,https://jcr.clarivate.com/jcr/home
Signal Processing,2024,3.4,常投期刊清单,2024 JCR authorized import,用户授权 JCR 导入,https://jcr.clarivate.com/jcr/home
Signal Processing,2025,3.6,常投期刊清单,2025 JCR authorized import,用户授权 JCR 导入,https://jcr.clarivate.com/jcr/home
International Journal of Fuzzy Systems,2018,2.396,常投期刊清单,2018 JCR authorized import,用户授权 JCR 导入,https://jcr.clarivate.com/jcr/home
International Journal of Fuzzy Systems,2019,3.085,常投期刊清单,2019 JCR authorized import,用户授权 JCR 导入,https://jcr.clarivate.com/jcr/home
International Journal of Fuzzy Systems,2020,4.406,常投期刊清单,2020 JCR authorized import,用户授权 JCR 导入,https://jcr.clarivate.com/jcr/home
International Journal of Fuzzy Systems,2021,4.673,常投期刊清单,2021 JCR authorized import,用户授权 JCR 导入,https://jcr.clarivate.com/jcr/home
International Journal of Fuzzy Systems,2022,4.085,常投期刊清单,2022 JCR authorized import,用户授权 JCR 导入,https://jcr.clarivate.com/jcr/home
International Journal of Fuzzy Systems,2023,4.3,常投期刊清单,2023 JCR authorized import,用户授权 JCR 导入,https://jcr.clarivate.com/jcr/home
International Journal of Fuzzy Systems,2024,3.6,常投期刊清单,2024 JCR authorized import,用户授权 JCR 导入,https://jcr.clarivate.com/jcr/home
International Journal of Fuzzy Systems,2025,3.6,常投期刊清单,2025 JCR authorized import,用户授权 JCR 导入,https://jcr.clarivate.com/jcr/home
Soft Computing,2018,2.367,常投期刊清单,2018 JCR authorized import,用户授权 JCR 导入,https://jcr.clarivate.com/jcr/home
Soft Computing,2019,2.784,常投期刊清单,2019 JCR authorized import,用户授权 JCR 导入,https://jcr.clarivate.com/jcr/home
Soft Computing,2020,3.05,常投期刊清单,2020 JCR authorized import,用户授权 JCR 导入,https://jcr.clarivate.com/jcr/home
Soft Computing,2021,3.643,常投期刊清单,2021 JCR authorized import,用户授权 JCR 导入,https://jcr.clarivate.com/jcr/home
Soft Computing,2022,3.732,常投期刊清单,2022 JCR authorized import,用户授权 JCR 导入,https://jcr.clarivate.com/jcr/home
Soft Computing,2023,4.1,常投期刊清单,2023 JCR authorized import,用户授权 JCR 导入,https://jcr.clarivate.com/jcr/home
Soft Computing,2024,3.1,常投期刊清单,2024 JCR authorized import,用户授权 JCR 导入,https://jcr.clarivate.com/jcr/home
Soft Computing,2025,2.5,常投期刊清单,2025 JCR authorized import,用户授权 JCR 导入,https://jcr.clarivate.com/jcr/home
Pattern Analysis and Applications,2018,1.281,常投期刊清单,2018 JCR authorized import,用户授权 JCR 导入,https://jcr.clarivate.com/jcr/home
Pattern Analysis and Applications,2019,1.41,常投期刊清单,2019 JCR authorized import,用户授权 JCR 导入,https://jcr.clarivate.com/jcr/home
Pattern Analysis and Applications,2020,1.512,常投期刊清单,2020 JCR authorized import,用户授权 JCR 导入,https://jcr.clarivate.com/jcr/home
Pattern Analysis and Applications,2021,2.58,常投期刊清单,2021 JCR authorized import,用户授权 JCR 导入,https://jcr.clarivate.com/jcr/home
Pattern Analysis and Applications,2022,2.307,常投期刊清单,2022 JCR authorized import,用户授权 JCR 导入,https://jcr.clarivate.com/jcr/home
Pattern Analysis and Applications,2023,3.9,常投期刊清单,2023 JCR authorized import,用户授权 JCR 导入,https://jcr.clarivate.com/jcr/home
Pattern Analysis and Applications,2024,3.7,常投期刊清单,2024 JCR authorized import,用户授权 JCR 导入,https://jcr.clarivate.com/jcr/home
Pattern Analysis and Applications,2025,2,常投期刊清单,2025 JCR authorized import,用户授权 JCR 导入,https://jcr.clarivate.com/jcr/home
IEEE Signal Processing Letters,2018,2.813,常投期刊清单,2018 JCR authorized import,用户授权 JCR 导入,https://jcr.clarivate.com/jcr/home
IEEE Signal Processing Letters,2019,3.268,常投期刊清单,2019 JCR authorized import,用户授权 JCR 导入,https://jcr.clarivate.com/jcr/home
IEEE Signal Processing Letters,2020,3.105,常投期刊清单,2020 JCR authorized import,用户授权 JCR 导入,https://jcr.clarivate.com/jcr/home
IEEE Signal Processing Letters,2021,3.109,常投期刊清单,2021 JCR authorized import,用户授权 JCR 导入,https://jcr.clarivate.com/jcr/home
IEEE Signal Processing Letters,2022,3.201,常投期刊清单,2022 JCR authorized import,用户授权 JCR 导入,https://jcr.clarivate.com/jcr/home
IEEE Signal Processing Letters,2023,3.9,常投期刊清单,2023 JCR authorized import,用户授权 JCR 导入,https://jcr.clarivate.com/jcr/home
IEEE Signal Processing Letters,2024,3.2,常投期刊清单,2024 JCR authorized import,用户授权 JCR 导入,https://jcr.clarivate.com/jcr/home
IEEE Signal Processing Letters,2025,3.9,常投期刊清单,2025 JCR authorized import,用户授权 JCR 导入,https://jcr.clarivate.com/jcr/home
Fuzzy Sets and Systems,2018,2.675,常投期刊清单,2018 JCR authorized import,用户授权 JCR 导入,https://jcr.clarivate.com/jcr/home
Fuzzy Sets and Systems,2019,2.907,常投期刊清单,2019 JCR authorized import,用户授权 JCR 导入,https://jcr.clarivate.com/jcr/home
Fuzzy Sets and Systems,2020,3.305,常投期刊清单,2020 JCR authorized import,用户授权 JCR 导入,https://jcr.clarivate.com/jcr/home
Fuzzy Sets and Systems,2021,3.343,常投期刊清单,2021 JCR authorized import,用户授权 JCR 导入,https://jcr.clarivate.com/jcr/home
Fuzzy Sets and Systems,2022,4.462,常投期刊清单,2022 JCR authorized import,用户授权 JCR 导入,https://jcr.clarivate.com/jcr/home
Fuzzy Sets and Systems,2023,3.9,常投期刊清单,2023 JCR authorized import,用户授权 JCR 导入,https://jcr.clarivate.com/jcr/home
Fuzzy Sets and Systems,2024,3.2,常投期刊清单,2024 JCR authorized import,用户授权 JCR 导入,https://jcr.clarivate.com/jcr/home
Fuzzy Sets and Systems,2025,2.7,常投期刊清单,2025 JCR authorized import,用户授权 JCR 导入,https://jcr.clarivate.com/jcr/home
Optics Express,2018,3.356,常投期刊清单,2018 JCR authorized import,用户授权 JCR 导入,https://jcr.clarivate.com/jcr/home
Optics Express,2019,3.561,常投期刊清单,2019 JCR authorized import,用户授权 JCR 导入,https://jcr.clarivate.com/jcr/home
Optics Express,2020,3.669,常投期刊清单,2020 JCR authorized import,用户授权 JCR 导入,https://jcr.clarivate.com/jcr/home
Optics Express,2021,3.894,常投期刊清单,2021 JCR authorized import,用户授权 JCR 导入,https://jcr.clarivate.com/jcr/home
Optics Express,2022,3.833,常投期刊清单,2022 JCR authorized import,用户授权 JCR 导入,https://jcr.clarivate.com/jcr/home
Optics Express,2023,3.8,常投期刊清单,2023 JCR authorized import,用户授权 JCR 导入,https://jcr.clarivate.com/jcr/home
Optics Express,2024,3.2,常投期刊清单,2024 JCR authorized import,用户授权 JCR 导入,https://jcr.clarivate.com/jcr/home
Optics Express,2025,3.3,常投期刊清单,2025 JCR authorized import,用户授权 JCR 导入,https://jcr.clarivate.com/jcr/home
Optics Letters,2018,3.589,常投期刊清单,2018 JCR authorized import,用户授权 JCR 导入,https://jcr.clarivate.com/jcr/home
Optics Letters,2019,3.866,常投期刊清单,2019 JCR authorized import,用户授权 JCR 导入,https://jcr.clarivate.com/jcr/home
Optics Letters,2020,3.714,常投期刊清单,2020 JCR authorized import,用户授权 JCR 导入,https://jcr.clarivate.com/jcr/home
Optics Letters,2021,3.776,常投期刊清单,2021 JCR authorized import,用户授权 JCR 导入,https://jcr.clarivate.com/jcr/home
Optics Letters,2022,3.56,常投期刊清单,2022 JCR authorized import,用户授权 JCR 导入,https://jcr.clarivate.com/jcr/home
Optics Letters,2023,3.6,常投期刊清单,2023 JCR authorized import,用户授权 JCR 导入,https://jcr.clarivate.com/jcr/home
Optics Letters,2024,3.1,常投期刊清单,2024 JCR authorized import,用户授权 JCR 导入,https://jcr.clarivate.com/jcr/home
Optics Letters,2025,3.3,常投期刊清单,2025 JCR authorized import,用户授权 JCR 导入,https://jcr.clarivate.com/jcr/home
Journal of the Operational Research Society,2018,1.396,常投期刊清单,2018 JCR authorized import,用户授权 JCR 导入,https://jcr.clarivate.com/jcr/home
Journal of the Operational Research Society,2019,1.754,常投期刊清单,2019 JCR authorized import,用户授权 JCR 导入,https://jcr.clarivate.com/jcr/home
Journal of the Operational Research Society,2020,2.175,常投期刊清单,2020 JCR authorized import,用户授权 JCR 导入,https://jcr.clarivate.com/jcr/home
Journal of the Operational Research Society,2021,2.86,常投期刊清单,2021 JCR authorized import,用户授权 JCR 导入,https://jcr.clarivate.com/jcr/home
Journal of the Operational Research Society,2022,3.051,常投期刊清单,2022 JCR authorized import,用户授权 JCR 导入,https://jcr.clarivate.com/jcr/home
Journal of the Operational Research Society,2023,3.6,常投期刊清单,2023 JCR authorized import,用户授权 JCR 导入,https://jcr.clarivate.com/jcr/home
Journal of the Operational Research Society,2024,2.7,常投期刊清单,2024 JCR authorized import,用户授权 JCR 导入,https://jcr.clarivate.com/jcr/home
Journal of the Operational Research Society,2025,2.7,常投期刊清单,2025 JCR authorized import,用户授权 JCR 导入,https://jcr.clarivate.com/jcr/home
IEEE Transactions on Human-Machine Systems,2018,2.563,常投期刊清单,2018 JCR authorized import,用户授权 JCR 导入,https://jcr.clarivate.com/jcr/home
IEEE Transactions on Human-Machine Systems,2019,3.332,常投期刊清单,2019 JCR authorized import,用户授权 JCR 导入,https://jcr.clarivate.com/jcr/home
IEEE Transactions on Human-Machine Systems,2020,3.374,常投期刊清单,2020 JCR authorized import,用户授权 JCR 导入,https://jcr.clarivate.com/jcr/home
IEEE Transactions on Human-Machine Systems,2021,2.968,常投期刊清单,2021 JCR authorized import,用户授权 JCR 导入,https://jcr.clarivate.com/jcr/home
IEEE Transactions on Human-Machine Systems,2022,4.124,常投期刊清单,2022 JCR authorized import,用户授权 JCR 导入,https://jcr.clarivate.com/jcr/home
IEEE Transactions on Human-Machine Systems,2023,3.6,常投期刊清单,2023 JCR authorized import,用户授权 JCR 导入,https://jcr.clarivate.com/jcr/home
IEEE Transactions on Human-Machine Systems,2024,3.5,常投期刊清单,2024 JCR authorized import,用户授权 JCR 导入,https://jcr.clarivate.com/jcr/home
IEEE Transactions on Human-Machine Systems,2025,4.4,常投期刊清单,2025 JCR authorized import,用户授权 JCR 导入,https://jcr.clarivate.com/jcr/home
ACM Transactions on Knowledge Discovery from Data,2018,1.489,常投期刊清单,2018 JCR authorized import,用户授权 JCR 导入,https://jcr.clarivate.com/jcr/home
ACM Transactions on Knowledge Discovery from Data,2019,2.538,常投期刊清单,2019 JCR authorized import,用户授权 JCR 导入,https://jcr.clarivate.com/jcr/home
ACM Transactions on Knowledge Discovery from Data,2020,2.01,常投期刊清单,2020 JCR authorized import,用户授权 JCR 导入,https://jcr.clarivate.com/jcr/home
ACM Transactions on Knowledge Discovery from Data,2021,2.713,常投期刊清单,2021 JCR authorized import,用户授权 JCR 导入,https://jcr.clarivate.com/jcr/home
ACM Transactions on Knowledge Discovery from Data,2022,4.157,常投期刊清单,2022 JCR authorized import,用户授权 JCR 导入,https://jcr.clarivate.com/jcr/home
ACM Transactions on Knowledge Discovery from Data,2023,3.6,常投期刊清单,2023 JCR authorized import,用户授权 JCR 导入,https://jcr.clarivate.com/jcr/home
ACM Transactions on Knowledge Discovery from Data,2024,4,常投期刊清单,2024 JCR authorized import,用户授权 JCR 导入,https://jcr.clarivate.com/jcr/home
ACM Transactions on Knowledge Discovery from Data,2025,4.8,常投期刊清单,2025 JCR authorized import,用户授权 JCR 导入,https://jcr.clarivate.com/jcr/home
International Journal of Remote Sensing,2018,1.782,常投期刊清单,2018 JCR authorized import,用户授权 JCR 导入,https://jcr.clarivate.com/jcr/home
International Journal of Remote Sensing,2019,2.553,常投期刊清单,2019 JCR authorized import,用户授权 JCR 导入,https://jcr.clarivate.com/jcr/home
International Journal of Remote Sensing,2020,2.976,常投期刊清单,2020 JCR authorized import,用户授权 JCR 导入,https://jcr.clarivate.com/jcr/home
International Journal of Remote Sensing,2021,3.151,常投期刊清单,2021 JCR authorized import,用户授权 JCR 导入,https://jcr.clarivate.com/jcr/home
International Journal of Remote Sensing,2022,3.531,常投期刊清单,2022 JCR authorized import,用户授权 JCR 导入,https://jcr.clarivate.com/jcr/home
International Journal of Remote Sensing,2023,3.4,常投期刊清单,2023 JCR authorized import,用户授权 JCR 导入,https://jcr.clarivate.com/jcr/home
International Journal of Remote Sensing,2024,2.8,常投期刊清单,2024 JCR authorized import,用户授权 JCR 导入,https://jcr.clarivate.com/jcr/home
International Journal of Remote Sensing,2025,2.6,常投期刊清单,2025 JCR authorized import,用户授权 JCR 导入,https://jcr.clarivate.com/jcr/home
Machine Vision and Applications,2018,1.306,常投期刊清单,2018 JCR authorized import,用户授权 JCR 导入,https://jcr.clarivate.com/jcr/home
Machine Vision and Applications,2019,1.788,常投期刊清单,2019 JCR authorized import,用户授权 JCR 导入,https://jcr.clarivate.com/jcr/home
Machine Vision and Applications,2020,1.605,常投期刊清单,2020 JCR authorized import,用户授权 JCR 导入,https://jcr.clarivate.com/jcr/home
Machine Vision and Applications,2021,2.012,常投期刊清单,2021 JCR authorized import,用户授权 JCR 导入,https://jcr.clarivate.com/jcr/home
Machine Vision and Applications,2022,2.983,常投期刊清单,2022 JCR authorized import,用户授权 JCR 导入,https://jcr.clarivate.com/jcr/home
Machine Vision and Applications,2023,3.3,常投期刊清单,2023 JCR authorized import,用户授权 JCR 导入,https://jcr.clarivate.com/jcr/home
Machine Vision and Applications,2024,2.4,常投期刊清单,2024 JCR authorized import,用户授权 JCR 导入,https://jcr.clarivate.com/jcr/home
Machine Vision and Applications,2025,2.3,常投期刊清单,2025 JCR authorized import,用户授权 JCR 导入,https://jcr.clarivate.com/jcr/home
Neural Computation,2018,1.651,常投期刊清单,2018 JCR authorized import,用户授权 JCR 导入,https://jcr.clarivate.com/jcr/home
Neural Computation,2019,2.261,常投期刊清单,2019 JCR authorized import,用户授权 JCR 导入,https://jcr.clarivate.com/jcr/home
Neural Computation,2020,2.505,常投期刊清单,2020 JCR authorized import,用户授权 JCR 导入,https://jcr.clarivate.com/jcr/home
Neural Computation,2021,2.026,常投期刊清单,2021 JCR authorized import,用户授权 JCR 导入,https://jcr.clarivate.com/jcr/home
Neural Computation,2022,3.278,常投期刊清单,2022 JCR authorized import,用户授权 JCR 导入,https://jcr.clarivate.com/jcr/home
Neural Computation,2023,2.9,常投期刊清单,2023 JCR authorized import,用户授权 JCR 导入,https://jcr.clarivate.com/jcr/home
Neural Computation,2024,2.7,常投期刊清单,2024 JCR authorized import,用户授权 JCR 导入,https://jcr.clarivate.com/jcr/home
Neural Computation,2025,1.6,常投期刊清单,2025 JCR authorized import,用户授权 JCR 导入,https://jcr.clarivate.com/jcr/home
Computational Intelligence,2018,1.352,常投期刊清单,2018 JCR authorized import,用户授权 JCR 导入,https://jcr.clarivate.com/jcr/home
Computational Intelligence,2019,0.776,常投期刊清单,2019 JCR authorized import,用户授权 JCR 导入,https://jcr.clarivate.com/jcr/home
Computational Intelligence,2020,1.196,常投期刊清单,2020 JCR authorized import,用户授权 JCR 导入,https://jcr.clarivate.com/jcr/home
Computational Intelligence,2021,2.33,常投期刊清单,2021 JCR authorized import,用户授权 JCR 导入,https://jcr.clarivate.com/jcr/home
Computational Intelligence,2022,2.142,常投期刊清单,2022 JCR authorized import,用户授权 JCR 导入,https://jcr.clarivate.com/jcr/home
Computational Intelligence,2023,2.8,常投期刊清单,2023 JCR authorized import,用户授权 JCR 导入,https://jcr.clarivate.com/jcr/home
Computational Intelligence,2024,1.8,常投期刊清单,2024 JCR authorized import,用户授权 JCR 导入,https://jcr.clarivate.com/jcr/home
Computational Intelligence,2025,1.7,常投期刊清单,2025 JCR authorized import,用户授权 JCR 导入,https://jcr.clarivate.com/jcr/home
Journal of Heuristics,2018,1.129,常投期刊清单,2018 JCR authorized import,用户授权 JCR 导入,https://jcr.clarivate.com/jcr/home
Journal of Heuristics,2019,1.392,常投期刊清单,2019 JCR authorized import,用户授权 JCR 导入,https://jcr.clarivate.com/jcr/home
Journal of Heuristics,2020,1.577,常投期刊清单,2020 JCR authorized import,用户授权 JCR 导入,https://jcr.clarivate.com/jcr/home
Journal of Heuristics,2021,1.682,常投期刊清单,2021 JCR authorized import,用户授权 JCR 导入,https://jcr.clarivate.com/jcr/home
Journal of Heuristics,2022,2.247,常投期刊清单,2022 JCR authorized import,用户授权 JCR 导入,https://jcr.clarivate.com/jcr/home
Journal of Heuristics,2023,2.7,常投期刊清单,2023 JCR authorized import,用户授权 JCR 导入,https://jcr.clarivate.com/jcr/home
Journal of Heuristics,2024,1.1,常投期刊清单,2024 JCR authorized import,用户授权 JCR 导入,https://jcr.clarivate.com/jcr/home
Journal of Heuristics,2025,1.4,常投期刊清单,2025 JCR authorized import,用户授权 JCR 导入,https://jcr.clarivate.com/jcr/home
Engineering Optimization,2018,1.622,常投期刊清单,2018 JCR authorized import,用户授权 JCR 导入,https://jcr.clarivate.com/jcr/home
Engineering Optimization,2019,1.809,常投期刊清单,2019 JCR authorized import,用户授权 JCR 导入,https://jcr.clarivate.com/jcr/home
Engineering Optimization,2020,2.165,常投期刊清单,2020 JCR authorized import,用户授权 JCR 导入,https://jcr.clarivate.com/jcr/home
Engineering Optimization,2021,3.23,常投期刊清单,2021 JCR authorized import,用户授权 JCR 导入,https://jcr.clarivate.com/jcr/home
Engineering Optimization,2022,2.5,常投期刊清单,2022 JCR authorized import,用户授权 JCR 导入,https://jcr.clarivate.com/jcr/home
Engineering Optimization,2023,2.7,常投期刊清单,2023 JCR authorized import,用户授权 JCR 导入,https://jcr.clarivate.com/jcr/home
Engineering Optimization,2024,2.2,常投期刊清单,2024 JCR authorized import,用户授权 JCR 导入,https://jcr.clarivate.com/jcr/home
Engineering Optimization,2025,2.2,常投期刊清单,2025 JCR authorized import,用户授权 JCR 导入,https://jcr.clarivate.com/jcr/home
Genetic Programming and Evolvable Machines,2018,1.455,常投期刊清单,2018 JCR authorized import,用户授权 JCR 导入,https://jcr.clarivate.com/jcr/home
Genetic Programming and Evolvable Machines,2019,1.333,常投期刊清单,2019 JCR authorized import,用户授权 JCR 导入,https://jcr.clarivate.com/jcr/home
Genetic Programming and Evolvable Machines,2020,1.781,常投期刊清单,2020 JCR authorized import,用户授权 JCR 导入,https://jcr.clarivate.com/jcr/home
Genetic Programming and Evolvable Machines,2021,1.714,常投期刊清单,2021 JCR authorized import,用户授权 JCR 导入,https://jcr.clarivate.com/jcr/home
Genetic Programming and Evolvable Machines,2022,2.522,常投期刊清单,2022 JCR authorized import,用户授权 JCR 导入,https://jcr.clarivate.com/jcr/home
Genetic Programming and Evolvable Machines,2023,2.6,常投期刊清单,2023 JCR authorized import,用户授权 JCR 导入,https://jcr.clarivate.com/jcr/home
Genetic Programming and Evolvable Machines,2024,1.7,常投期刊清单,2024 JCR authorized import,用户授权 JCR 导入,https://jcr.clarivate.com/jcr/home
Genetic Programming and Evolvable Machines,2025,0.9,常投期刊清单,2025 JCR authorized import,用户授权 JCR 导入,https://jcr.clarivate.com/jcr/home
Canadian Journal of Remote Sensing,2018,2,常投期刊清单,2018 JCR authorized import,用户授权 JCR 导入,https://jcr.clarivate.com/jcr/home
Canadian Journal of Remote Sensing,2019,2.553,常投期刊清单,2019 JCR authorized import,用户授权 JCR 导入,https://jcr.clarivate.com/jcr/home
Canadian Journal of Remote Sensing,2020,2.126,常投期刊清单,2020 JCR authorized import,用户授权 JCR 导入,https://jcr.clarivate.com/jcr/home
Canadian Journal of Remote Sensing,2021,2,常投期刊清单,2021 JCR authorized import,用户授权 JCR 导入,https://jcr.clarivate.com/jcr/home
Canadian Journal of Remote Sensing,2022,2.242,常投期刊清单,2022 JCR authorized import,用户授权 JCR 导入,https://jcr.clarivate.com/jcr/home
Canadian Journal of Remote Sensing,2023,2.6,常投期刊清单,2023 JCR authorized import,用户授权 JCR 导入,https://jcr.clarivate.com/jcr/home
Canadian Journal of Remote Sensing,2024,2,常投期刊清单,2024 JCR authorized import,用户授权 JCR 导入,https://jcr.clarivate.com/jcr/home
Canadian Journal of Remote Sensing,2025,2.1,常投期刊清单,2025 JCR authorized import,用户授权 JCR 导入,https://jcr.clarivate.com/jcr/home
Artificial Life,2018,0.897,常投期刊清单,2018 JCR authorized import,用户授权 JCR 导入,https://jcr.clarivate.com/jcr/home
Artificial Life,2019,1.608,常投期刊清单,2019 JCR authorized import,用户授权 JCR 导入,https://jcr.clarivate.com/jcr/home
Artificial Life,2020,1.186,常投期刊清单,2020 JCR authorized import,用户授权 JCR 导入,https://jcr.clarivate.com/jcr/home
Artificial Life,2021,0.667,常投期刊清单,2021 JCR authorized import,用户授权 JCR 导入,https://jcr.clarivate.com/jcr/home
Artificial Life,2022,1.717,常投期刊清单,2022 JCR authorized import,用户授权 JCR 导入,https://jcr.clarivate.com/jcr/home
Artificial Life,2023,2.6,常投期刊清单,2023 JCR authorized import,用户授权 JCR 导入,https://jcr.clarivate.com/jcr/home
Artificial Life,2024,1.6,常投期刊清单,2024 JCR authorized import,用户授权 JCR 导入,https://jcr.clarivate.com/jcr/home
Artificial Life,2025,1.5,常投期刊清单,2025 JCR authorized import,用户授权 JCR 导入,https://jcr.clarivate.com/jcr/home
Data & Knowledge Engineering,2018,1.467,常投期刊清单,2018 JCR authorized import,用户授权 JCR 导入,https://jcr.clarivate.com/jcr/home
Data & Knowledge Engineering,2019,1.583,常投期刊清单,2019 JCR authorized import,用户授权 JCR 导入,https://jcr.clarivate.com/jcr/home
Data & Knowledge Engineering,2020,1.476,常投期刊清单,2020 JCR authorized import,用户授权 JCR 导入,https://jcr.clarivate.com/jcr/home
Data & Knowledge Engineering,2021,1.992,常投期刊清单,2021 JCR authorized import,用户授权 JCR 导入,https://jcr.clarivate.com/jcr/home
Data & Knowledge Engineering,2022,1.5,常投期刊清单,2022 JCR authorized import,用户授权 JCR 导入,https://jcr.clarivate.com/jcr/home
Data & Knowledge Engineering,2023,2.5,常投期刊清单,2023 JCR authorized import,用户授权 JCR 导入,https://jcr.clarivate.com/jcr/home
Data & Knowledge Engineering,2024,2.7,常投期刊清单,2024 JCR authorized import,用户授权 JCR 导入,https://jcr.clarivate.com/jcr/home
Data & Knowledge Engineering,2025,2.6,常投期刊清单,2025 JCR authorized import,用户授权 JCR 导入,https://jcr.clarivate.com/jcr/home
Remote Sensing Letters,2018,1.524,常投期刊清单,2018 JCR authorized import,用户授权 JCR 导入,https://jcr.clarivate.com/jcr/home
Remote Sensing Letters,2019,2.024,常投期刊清单,2019 JCR authorized import,用户授权 JCR 导入,https://jcr.clarivate.com/jcr/home
Remote Sensing Letters,2020,2.298,常投期刊清单,2020 JCR authorized import,用户授权 JCR 导入,https://jcr.clarivate.com/jcr/home
Remote Sensing Letters,2021,2.583,常投期刊清单,2021 JCR authorized import,用户授权 JCR 导入,https://jcr.clarivate.com/jcr/home
Remote Sensing Letters,2022,2.369,常投期刊清单,2022 JCR authorized import,用户授权 JCR 导入,https://jcr.clarivate.com/jcr/home
Remote Sensing Letters,2023,2.3,常投期刊清单,2023 JCR authorized import,用户授权 JCR 导入,https://jcr.clarivate.com/jcr/home
Remote Sensing Letters,2024,1.4,常投期刊清单,2024 JCR authorized import,用户授权 JCR 导入,https://jcr.clarivate.com/jcr/home
Remote Sensing Letters,2025,1.5,常投期刊清单,2025 JCR authorized import,用户授权 JCR 导入,https://jcr.clarivate.com/jcr/home
Natural Computing,2018,0.86,常投期刊清单,2018 JCR authorized import,用户授权 JCR 导入,https://jcr.clarivate.com/jcr/home
Natural Computing,2019,1.33,常投期刊清单,2019 JCR authorized import,用户授权 JCR 导入,https://jcr.clarivate.com/jcr/home
Natural Computing,2020,1.495,常投期刊清单,2020 JCR authorized import,用户授权 JCR 导入,https://jcr.clarivate.com/jcr/home
Natural Computing,2021,1.69,常投期刊清单,2021 JCR authorized import,用户授权 JCR 导入,https://jcr.clarivate.com/jcr/home
Natural Computing,2022,1.504,常投期刊清单,2022 JCR authorized import,用户授权 JCR 导入,https://jcr.clarivate.com/jcr/home
Natural Computing,2023,2.1,常投期刊清单,2023 JCR authorized import,用户授权 JCR 导入,https://jcr.clarivate.com/jcr/home
Natural Computing,2024,1.7,常投期刊清单,2024 JCR authorized import,用户授权 JCR 导入,https://jcr.clarivate.com/jcr/home
Natural Computing,2025,1.6,常投期刊清单,2025 JCR authorized import,用户授权 JCR 导入,https://jcr.clarivate.com/jcr/home
Journal of Applied Remote Sensing,2018,0.976,常投期刊清单,2018 JCR authorized import,用户授权 JCR 导入,https://jcr.clarivate.com/jcr/home
Journal of Applied Remote Sensing,2019,1.344,常投期刊清单,2019 JCR authorized import,用户授权 JCR 导入,https://jcr.clarivate.com/jcr/home
Journal of Applied Remote Sensing,2020,1.36,常投期刊清单,2020 JCR authorized import,用户授权 JCR 导入,https://jcr.clarivate.com/jcr/home
Journal of Applied Remote Sensing,2021,1.53,常投期刊清单,2021 JCR authorized import,用户授权 JCR 导入,https://jcr.clarivate.com/jcr/home
Journal of Applied Remote Sensing,2022,1.568,常投期刊清单,2022 JCR authorized import,用户授权 JCR 导入,https://jcr.clarivate.com/jcr/home
Journal of Applied Remote Sensing,2023,1.7,常投期刊清单,2023 JCR authorized import,用户授权 JCR 导入,https://jcr.clarivate.com/jcr/home
Journal of Applied Remote Sensing,2024,1.3,常投期刊清单,2024 JCR authorized import,用户授权 JCR 导入,https://jcr.clarivate.com/jcr/home
Journal of Applied Remote Sensing,2025,1.4,常投期刊清单,2025 JCR authorized import,用户授权 JCR 导入,https://jcr.clarivate.com/jcr/home
Photogrammetric Engineering and Remote Sensing,2018,3.15,常投期刊清单,2018 JCR authorized import,用户授权 JCR 导入,https://jcr.clarivate.com/jcr/home
Photogrammetric Engineering and Remote Sensing,2019,1.367,常投期刊清单,2019 JCR authorized import,用户授权 JCR 导入,https://jcr.clarivate.com/jcr/home
Photogrammetric Engineering and Remote Sensing,2020,1.265,常投期刊清单,2020 JCR authorized import,用户授权 JCR 导入,https://jcr.clarivate.com/jcr/home
Photogrammetric Engineering and Remote Sensing,2021,1.083,常投期刊清单,2021 JCR authorized import,用户授权 JCR 导入,https://jcr.clarivate.com/jcr/home
Photogrammetric Engineering and Remote Sensing,2022,1.469,常投期刊清单,2022 JCR authorized import,用户授权 JCR 导入,https://jcr.clarivate.com/jcr/home
Photogrammetric Engineering and Remote Sensing,2023,1.3,常投期刊清单,2023 JCR authorized import,用户授权 JCR 导入,https://jcr.clarivate.com/jcr/home
Photogrammetric Engineering and Remote Sensing,2024,1,常投期刊清单,2024 JCR authorized import,用户授权 JCR 导入,https://jcr.clarivate.com/jcr/home
Photogrammetric Engineering and Remote Sensing,2025,2,常投期刊清单,2025 JCR authorized import,用户授权 JCR 导入,https://jcr.clarivate.com/jcr/home
Optical Engineering,2018,0.993,常投期刊清单,2018 JCR authorized import,用户授权 JCR 导入,https://jcr.clarivate.com/jcr/home
Optical Engineering,2019,1.209,常投期刊清单,2019 JCR authorized import,用户授权 JCR 导入,https://jcr.clarivate.com/jcr/home
Optical Engineering,2020,1.113,常投期刊清单,2020 JCR authorized import,用户授权 JCR 导入,https://jcr.clarivate.com/jcr/home
Optical Engineering,2021,1.084,常投期刊清单,2021 JCR authorized import,用户授权 JCR 导入,https://jcr.clarivate.com/jcr/home
Optical Engineering,2022,1.352,常投期刊清单,2022 JCR authorized import,用户授权 JCR 导入,https://jcr.clarivate.com/jcr/home
Optical Engineering,2023,1.3,常投期刊清单,2023 JCR authorized import,用户授权 JCR 导入,https://jcr.clarivate.com/jcr/home
Optical Engineering,2024,1.1,常投期刊清单,2024 JCR authorized import,用户授权 JCR 导入,https://jcr.clarivate.com/jcr/home
